-- MySQL dump 10.13  Distrib 8.0.40, for Win64 (x86_64)
--
-- Host: localhost    Database: tinder
-- ------------------------------------------------------
-- Server version	8.0.40

/*!40101 SET @OLD_CHARACTER_SET_CLIENT=@@CHARACTER_SET_CLIENT */;
/*!40101 SET @OLD_CHARACTER_SET_RESULTS=@@CHARACTER_SET_RESULTS */;
/*!40101 SET @OLD_COLLATION_CONNECTION=@@COLLATION_CONNECTION */;
/*!50503 SET NAMES utf8 */;
/*!40103 SET @OLD_TIME_ZONE=@@TIME_ZONE */;
/*!40103 SET TIME_ZONE='+00:00' */;
/*!40014 SET @OLD_UNIQUE_CHECKS=@@UNIQUE_CHECKS, UNIQUE_CHECKS=0 */;
/*!40014 SET @OLD_FOREIGN_KEY_CHECKS=@@FOREIGN_KEY_CHECKS, FOREIGN_KEY_CHECKS=0 */;
/*!40101 SET @OLD_SQL_MODE=@@SQL_MODE, SQL_MODE='NO_AUTO_VALUE_ON_ZERO' */;
/*!40111 SET @OLD_SQL_NOTES=@@SQL_NOTES, SQL_NOTES=0 */;

--
-- Table structure for table `ads`
--

DROP TABLE IF EXISTS `ads`;
/*!40101 SET @saved_cs_client     = @@character_set_client */;
/*!50503 SET character_set_client = utf8mb4 */;
CREATE TABLE `ads` (
  `ad_id` int NOT NULL AUTO_INCREMENT,
  `ad_image` varchar(255) DEFAULT NULL,
  `advertiser` varchar(255) DEFAULT NULL,
  `ad_count` int NOT NULL,
  PRIMARY KEY (`ad_id`)
) ENGINE=InnoDB AUTO_INCREMENT=3 DEFAULT CHARSET=utf8mb4 COLLATE=utf8mb4_0900_ai_ci;
/*!40101 SET character_set_client = @saved_cs_client */;

--
-- Dumping data for table `ads`
--

LOCK TABLES `ads` WRITE;
/*!40000 ALTER TABLE `ads` DISABLE KEYS */;
INSERT INTO `ads` VALUES (1,'다이브1.png','다이브',0),(2,'푸디.gif','푸디',1);
/*!40000 ALTER TABLE `ads` ENABLE KEYS */;
UNLOCK TABLES;

--
-- Table structure for table `block`
--

DROP TABLE IF EXISTS `block`;
/*!40101 SET @saved_cs_client     = @@character_set_client */;
/*!50503 SET character_set_client = utf8mb4 */;
CREATE TABLE `block` (
  `block_id` int NOT NULL AUTO_INCREMENT,
  `blocked` int DEFAULT NULL,
  `blocker` int DEFAULT NULL,
  PRIMARY KEY (`block_id`),
  KEY `FK8ecy7eel41a08ib5hhsiclgj` (`blocked`),
  KEY `FKoo7kqmshed44xvwy35lff7pwn` (`blocker`),
  CONSTRAINT `FK8ecy7eel41a08ib5hhsiclgj` FOREIGN KEY (`blocked`) REFERENCES `member` (`member_id`),
  CONSTRAINT `FKoo7kqmshed44xvwy35lff7pwn` FOREIGN KEY (`blocker`) REFERENCES `member` (`member_id`)
) ENGINE=InnoDB AUTO_INCREMENT=12 DEFAULT CHARSET=utf8mb4 COLLATE=utf8mb4_0900_ai_ci;
/*!40101 SET character_set_client = @saved_cs_client */;

--
-- Dumping data for table `block`
--

LOCK TABLES `block` WRITE;
/*!40000 ALTER TABLE `block` DISABLE KEYS */;
INSERT INTO `block` VALUES (2,32,1),(3,1,32),(4,1,37);
/*!40000 ALTER TABLE `block` ENABLE KEYS */;
UNLOCK TABLES;

--
-- Table structure for table `bookmarks`
--

DROP TABLE IF EXISTS `bookmarks`;
/*!40101 SET @saved_cs_client     = @@character_set_client */;
/*!50503 SET character_set_client = utf8mb4 */;
CREATE TABLE `bookmarks` (
  `bookmarks_id` int NOT NULL AUTO_INCREMENT,
  PRIMARY KEY (`bookmarks_id`)
) ENGINE=InnoDB DEFAULT CHARSET=utf8mb4 COLLATE=utf8mb4_0900_ai_ci;
/*!40101 SET character_set_client = @saved_cs_client */;

--
-- Dumping data for table `bookmarks`
--

LOCK TABLES `bookmarks` WRITE;
/*!40000 ALTER TABLE `bookmarks` DISABLE KEYS */;
/*!40000 ALTER TABLE `bookmarks` ENABLE KEYS */;
UNLOCK TABLES;

--
-- Table structure for table `chat`
--

DROP TABLE IF EXISTS `chat`;
/*!40101 SET @saved_cs_client     = @@character_set_client */;
/*!50503 SET character_set_client = utf8mb4 */;
CREATE TABLE `chat` (
  `chat_id` int NOT NULL AUTO_INCREMENT,
  `content` varchar(255) DEFAULT NULL,
  `created_date` datetime DEFAULT CURRENT_TIMESTAMP,
  `chat_group_id` int DEFAULT NULL,
  `sender` int DEFAULT NULL,
  PRIMARY KEY (`chat_id`),
  KEY `FKflvnhwlrugquroe7jaxeirvr3` (`chat_group_id`),
  KEY `FK9m5ernoohmy6vr17b7mdpp51r` (`sender`),
  CONSTRAINT `FK9m5ernoohmy6vr17b7mdpp51r` FOREIGN KEY (`sender`) REFERENCES `member` (`member_id`),
  CONSTRAINT `FKflvnhwlrugquroe7jaxeirvr3` FOREIGN KEY (`chat_group_id`) REFERENCES `chat_group` (`chat_group_id`)
) ENGINE=InnoDB AUTO_INCREMENT=95 DEFAULT CHARSET=utf8mb4 COLLATE=utf8mb4_0900_ai_ci;
/*!40101 SET character_set_client = @saved_cs_client */;

--
-- Dumping data for table `chat`
--

LOCK TABLES `chat` WRITE;
/*!40000 ALTER TABLE `chat` DISABLE KEYS */;
INSERT INTO `chat` VALUES (1,'1번','2025-02-12 14:14:33',1,1),(2,'2번','2025-02-12 14:37:49',1,42),(3,'3번','2025-02-12 14:38:09',1,1),(4,'4번','2025-02-12 14:38:09',1,42),(5,'5번','2025-02-12 15:56:34',1,1),(6,'점심뭐먹지','2025-02-12 15:57:32',2,40),(7,'글쎄','2025-02-12 15:57:32',2,41),(8,'캉캉이랑 먹자!!','2025-02-12 15:57:46',2,1),(9,'6번','2025-02-12 17:43:41',1,1),(10,'7번','2025-02-12 17:44:01',1,42),(14,'안녕하세여!','2025-02-13 10:20:02',12,1),(15,'안녕하세요!!!','2025-02-13 10:49:26',18,1),(16,'1111','2025-02-17 14:46:26',19,42),(20,'안녕하세여','2025-02-18 09:30:48',29,1),(21,'안녕하세여','2025-02-18 10:55:01',30,1),(22,'안녕하세여!!','2025-02-18 10:58:12',30,1),(23,'안녕하세여~','2025-02-18 10:58:37',30,42),(24,'ㅎㅇㅎㅇ','2025-02-18 11:12:34',31,1),(25,'안녕하세요!!!!','2025-02-18 12:00:21',32,1),(26,'안녕하세여~','2025-02-18 12:01:16',32,32),(27,'안녕하세여!!','2025-02-18 17:01:00',19,32),(28,'오늘 좋은 하루 되세여~','2025-02-18 17:02:25',19,32),(29,'8번','2025-02-18 17:03:06',1,1),(30,'오늘 뭐하세여??','2025-02-18 17:04:19',30,1),(31,'안녕하세여~','2025-02-18 17:13:48',30,1),(32,'안녕하세여!!','2025-02-19 09:00:31',33,1),(33,'ㅎㅇㅎㅇ','2025-02-19 17:03:29',45,1),(34,'gdgd','2025-02-19 17:04:12',45,42),(35,'ㄱㄱㄱ','2025-02-19 17:09:31',45,1),(36,'ㄴㄴㄴㄴ','2025-02-19 17:09:38',45,42),(37,'ㄷㄷㄷ','2025-02-19 17:10:30',45,1),(38,'ㄹㄹㄹㄹ','2025-02-19 17:10:33',45,42),(39,'ㅎㅇㅎㅇ','2025-02-19 17:13:09',45,42),(40,'ㄱㄱㄱㄱ','2025-02-19 17:13:15',45,1),(41,'ㄱㄱㄱㄱ','2025-02-19 17:13:26',45,42),(42,'ㄱㄱㄱㄱ','2025-02-19 17:13:28',45,42),(43,'ㄱㄱㄱㄱ','2025-02-19 17:25:18',45,1),(44,'ㅎㅇㅎㅇ','2025-02-19 17:46:53',46,1),(45,'ㅎㅇㅎㅇ','2025-02-19 17:48:35',46,33),(46,'뭐 좋아하세요??','2025-02-19 17:48:42',46,1),(47,'맛있는거요??','2025-02-19 17:48:55',46,33),(48,'ㅎㅇㅎㅇ','2025-02-20 09:01:17',48,1),(49,'안녕하세여!!','2025-02-20 09:01:35',49,1),(50,'오 매칭 성공','2025-02-20 09:03:31',49,1),(51,'뭐 좋아하세여??','2025-02-20 09:03:45',49,40),(52,'우리 맛있는거 먹으러 갈까요???','2025-02-20 09:04:30',49,1),(53,'9번','2025-02-20 16:51:31',1,1),(54,'ㅎㅇㅎㅇ','2025-02-20 16:55:00',2,1),(55,'ㅎㅇㅎㅇ','2025-02-20 16:55:23',2,1),(56,'ㅎㅇㅎㅇ','2025-02-20 17:06:56',50,1),(57,'굿굿','2025-02-20 17:11:42',50,1),(58,'dddd','2025-02-25 14:37:18',61,1),(59,'dddd','2025-02-25 14:37:19',61,1),(60,'dddd','2025-02-25 14:37:22',61,1),(61,'dddd','2025-02-25 14:37:27',61,1),(62,'dddd','2025-02-25 14:37:27',61,1),(63,'dddd','2025-02-25 14:37:29',61,1),(64,'dddd','2025-02-25 14:37:39',61,1),(65,'dddd','2025-02-25 14:37:40',61,1),(66,'dddd','2025-02-25 14:37:40',61,1),(67,'ddd','2025-02-25 14:38:17',61,1),(68,'ddd','2025-02-25 14:38:23',61,1),(69,'rrr','2025-02-25 14:38:26',61,1),(70,'rrrr','2025-02-25 14:43:17',61,1),(71,'rrr','2025-02-25 14:46:04',60,1),(72,'rrr','2025-02-25 14:47:36',60,1),(73,'rrrr','2025-02-25 14:52:05',63,1),(74,'rrrr','2025-02-25 14:53:30',62,1),(75,'rrrrrrr','2025-02-25 14:53:32',62,1),(76,'ffff','2025-02-25 14:54:25',60,1),(77,'rrrr','2025-02-25 15:00:16',65,1),(78,'rrrr','2025-02-25 15:00:44',65,1),(79,'안녕하세여~','2025-02-25 15:01:37',66,1),(80,'10번','2025-02-25 17:05:37',1,42),(81,'ㅎㅇㅎㅇ','2025-02-27 16:37:10',68,1),(82,'ㅎㅇㅎㅇ','2025-02-28 11:09:58',72,1),(83,'ㅎㅇㅎㅇ','2025-02-28 11:11:16',72,1),(84,'ㅎㅇㅎㅇ','2025-02-28 11:11:26',72,1),(85,'안녕하세여','2025-02-28 11:14:53',73,1),(86,'안녕하세여','2025-02-28 11:16:26',73,84),(87,'11번','2025-02-28 12:26:53',1,42),(88,'12번','2025-02-28 12:29:49',1,42),(89,'13','2025-02-28 15:24:51',1,1),(90,'14','2025-02-28 15:25:33',1,1),(91,'ㅎㅇㅎㅇ','2025-02-28 15:32:30',74,1),(92,'ㅎㅇㅎㅇ','2025-02-28 15:32:41',74,30),(93,'ㅎㅇㅎㅇ','2025-02-28 15:34:46',58,30),(94,'ㅎㅇㅎㅇ','2025-02-28 15:34:53',58,1);
/*!40000 ALTER TABLE `chat` ENABLE KEYS */;
UNLOCK TABLES;

--
-- Table structure for table `chat_bot_history`
--

DROP TABLE IF EXISTS `chat_bot_history`;
/*!40101 SET @saved_cs_client     = @@character_set_client */;
/*!50503 SET character_set_client = utf8mb4 */;
CREATE TABLE `chat_bot_history` (
  `id` bigint NOT NULL AUTO_INCREMENT,
  `content` text,
  `role` varchar(255) DEFAULT NULL,
  `timestamp` datetime(6) DEFAULT NULL,
  `user_id` varchar(255) DEFAULT NULL,
  PRIMARY KEY (`id`)
) ENGINE=InnoDB DEFAULT CHARSET=utf8mb4 COLLATE=utf8mb4_0900_ai_ci;
/*!40101 SET character_set_client = @saved_cs_client */;

--
-- Dumping data for table `chat_bot_history`
--

LOCK TABLES `chat_bot_history` WRITE;
/*!40000 ALTER TABLE `chat_bot_history` DISABLE KEYS */;
/*!40000 ALTER TABLE `chat_bot_history` ENABLE KEYS */;
UNLOCK TABLES;

--
-- Table structure for table `chat_group`
--

DROP TABLE IF EXISTS `chat_group`;
/*!40101 SET @saved_cs_client     = @@character_set_client */;
/*!50503 SET character_set_client = utf8mb4 */;
CREATE TABLE `chat_group` (
  `chat_group_id` int NOT NULL AUTO_INCREMENT,
  `created_by` int NOT NULL,
  `member_count` int DEFAULT NULL,
  `chat_group_name` varchar(255) DEFAULT NULL,
  `anonymity` tinyint DEFAULT '0',
  `created_date` datetime DEFAULT CURRENT_TIMESTAMP,
  `activation` tinyint DEFAULT '0',
  PRIMARY KEY (`chat_group_id`),
  KEY `FKbhtgwavm37kgn2dbra6868aif` (`created_by`),
  CONSTRAINT `FKbhtgwavm37kgn2dbra6868aif` FOREIGN KEY (`created_by`) REFERENCES `member` (`member_id`)
) ENGINE=InnoDB AUTO_INCREMENT=75 DEFAULT CHARSET=utf8mb4 COLLATE=utf8mb4_0900_ai_ci;
/*!40101 SET character_set_client = @saved_cs_client */;

--
-- Dumping data for table `chat_group`
--

LOCK TABLES `chat_group` WRITE;
/*!40000 ALTER TABLE `chat_group` DISABLE KEYS */;
INSERT INTO `chat_group` VALUES (1,1,2,'첫번째 채팅',0,'2025-02-12 14:14:33',0),(2,1,3,'두번째 채팅',0,'2025-02-12 14:14:33',0),(12,1,2,'2인 매칭 채팅방',0,'2025-02-12 14:14:33',0),(18,1,2,'2인 매칭 채팅방',0,'2025-02-12 14:14:33',0),(19,42,2,'2인 매칭 채팅방',0,'2025-02-12 14:14:33',0),(29,1,3,'New Group for [1, 32, 37]',0,'2025-02-12 14:14:33',0),(30,1,2,'익명채팅',1,'2025-02-18 14:14:33',0),(31,1,3,'New Group for [1, 31, 32]',0,'2025-02-18 14:14:33',0),(32,1,2,'익명채팅',1,'2025-02-18 14:14:33',0),(33,1,2,'익명채팅',1,'2025-02-19 09:00:25',0),(43,1,2,'익명채팅',1,'2025-02-19 14:41:35',0),(44,1,2,'익명채팅',1,'2025-02-19 15:11:24',0),(45,1,2,'익명채팅',1,'2025-02-19 17:02:47',1),(46,1,2,'익명채팅',1,'2025-02-19 17:46:21',1),(47,1,2,'익명채팅',1,'2025-02-19 17:51:07',0),(48,1,2,'2인 매칭 채팅방',0,'2025-02-20 09:01:12',0),(49,1,2,'익명채팅',1,'2025-02-20 09:01:28',1),(50,1,2,'익명채팅',1,'2025-02-20 17:06:11',0),(58,1,4,'캉캉이 의 5 인 채팅방',0,'2025-02-20 17:59:01',0),(60,1,2,'익명채팅',1,'2025-02-25 14:28:58',1),(61,1,2,'익명채팅',1,'2025-02-25 14:32:37',1),(62,1,2,'익명채팅',1,'2025-02-25 14:48:56',1),(63,1,2,'익명채팅',1,'2025-02-25 14:51:16',1),(64,1,2,'익명채팅',1,'2025-02-25 14:54:47',1),(65,1,2,'익명채팅',1,'2025-02-25 14:59:54',1),(66,1,2,'익명채팅',1,'2025-02-25 15:01:29',1),(67,1,2,'익명채팅',1,'2025-02-25 15:17:34',0),(68,1,2,'익명채팅',1,'2025-02-27 16:36:57',1),(69,1,2,'익명채팅',1,'2025-02-27 18:01:16',0),(70,1,2,'익명채팅',1,'2025-02-27 18:01:35',0),(71,1,2,'익명채팅',1,'2025-02-27 18:03:20',0),(72,1,2,'익명채팅',1,'2025-02-28 11:09:21',1),(73,1,2,'익명채팅',1,'2025-02-28 11:12:27',0),(74,1,2,'익명채팅',1,'2025-02-28 15:31:27',1);
/*!40000 ALTER TABLE `chat_group` ENABLE KEYS */;
UNLOCK TABLES;

--
-- Table structure for table `chat_group_member`
--

DROP TABLE IF EXISTS `chat_group_member`;
/*!40101 SET @saved_cs_client     = @@character_set_client */;
/*!50503 SET character_set_client = utf8mb4 */;
CREATE TABLE `chat_group_member` (
  `chat_group_member_id` int NOT NULL AUTO_INCREMENT,
  `chat_group_id` int DEFAULT NULL,
  `member_id` int DEFAULT NULL,
  PRIMARY KEY (`chat_group_member_id`),
  KEY `FKlutmrmg8vj22cspv6n4m2w36s` (`chat_group_id`),
  KEY `FKfs7sexk31ru6i1ureeppbg2eo` (`member_id`),
  CONSTRAINT `FKfs7sexk31ru6i1ureeppbg2eo` FOREIGN KEY (`member_id`) REFERENCES `member` (`member_id`),
  CONSTRAINT `FKlutmrmg8vj22cspv6n4m2w36s` FOREIGN KEY (`chat_group_id`) REFERENCES `chat_group` (`chat_group_id`)
) ENGINE=InnoDB AUTO_INCREMENT=179 DEFAULT CHARSET=utf8mb4 COLLATE=utf8mb4_0900_ai_ci;
/*!40101 SET character_set_client = @saved_cs_client */;

--
-- Dumping data for table `chat_group_member`
--

LOCK TABLES `chat_group_member` WRITE;
/*!40000 ALTER TABLE `chat_group_member` DISABLE KEYS */;
INSERT INTO `chat_group_member` VALUES (1,1,1),(2,1,42),(3,2,1),(4,2,41),(5,2,40),(18,12,1),(19,12,40),(30,18,1),(31,18,38),(32,19,42),(33,19,32),(59,29,1),(60,29,32),(61,29,37),(62,30,1),(63,30,42),(64,31,1),(65,31,31),(66,31,32),(67,32,1),(68,32,32),(69,33,1),(70,33,40),(89,43,1),(90,43,38),(91,44,1),(92,44,35),(93,45,1),(94,45,42),(95,46,1),(96,46,33),(97,47,1),(98,47,35),(99,48,1),(100,48,31),(101,49,1),(102,49,40),(103,50,1),(104,50,35),(142,58,1),(143,58,27),(144,58,28),(145,58,29),(146,58,30),(149,60,1),(150,60,39),(151,61,1),(152,61,42),(153,62,1),(154,62,73),(155,63,1),(156,63,40),(157,64,1),(158,64,31),(159,65,1),(160,65,84),(161,66,1),(162,66,79),(163,67,1),(164,67,42),(165,68,1),(166,68,39),(167,69,1),(168,69,78),(169,70,1),(170,70,82),(171,71,1),(172,71,40),(173,72,1),(174,72,39),(175,73,1),(176,73,84),(177,74,1),(178,74,30);
/*!40000 ALTER TABLE `chat_group_member` ENABLE KEYS */;
UNLOCK TABLES;

--
-- Table structure for table `chat_group_quiz`
--

DROP TABLE IF EXISTS `chat_group_quiz`;
/*!40101 SET @saved_cs_client     = @@character_set_client */;
/*!50503 SET character_set_client = utf8mb4 */;
CREATE TABLE `chat_group_quiz` (
  `chat_group_quiz_id` int NOT NULL AUTO_INCREMENT,
  `transmission_time` datetime(6) DEFAULT NULL,
  `chat_group_id` int DEFAULT NULL,
  `quiz_id` int DEFAULT NULL,
  PRIMARY KEY (`chat_group_quiz_id`),
  KEY `FKtbx18h2kelnydfsiydkpfm4p9` (`chat_group_id`),
  KEY `FKjbuwg40eepsvcfwlr8ut4sw0i` (`quiz_id`),
  CONSTRAINT `FKjbuwg40eepsvcfwlr8ut4sw0i` FOREIGN KEY (`quiz_id`) REFERENCES `quiz` (`quiz_id`),
  CONSTRAINT `FKtbx18h2kelnydfsiydkpfm4p9` FOREIGN KEY (`chat_group_id`) REFERENCES `chat_group` (`chat_group_id`)
) ENGINE=InnoDB AUTO_INCREMENT=91 DEFAULT CHARSET=utf8mb4 COLLATE=utf8mb4_0900_ai_ci;
/*!40101 SET character_set_client = @saved_cs_client */;

--
-- Dumping data for table `chat_group_quiz`
--

LOCK TABLES `chat_group_quiz` WRITE;
/*!40000 ALTER TABLE `chat_group_quiz` DISABLE KEYS */;
INSERT INTO `chat_group_quiz` VALUES (25,'2025-02-19 14:43:00.000000',43,15),(26,'2025-02-19 14:44:00.000000',43,2),(27,'2025-02-19 14:45:00.000000',43,22),(28,'2025-02-19 15:13:00.000000',44,17),(29,'2025-02-19 15:14:00.000000',44,4),(30,'2025-02-19 15:15:00.000000',44,15),(31,'2025-02-19 17:04:00.000000',45,22),(32,'2025-02-19 17:05:00.000000',45,21),(33,'2025-02-19 17:06:00.000000',45,19),(34,'2025-02-19 17:48:00.000000',46,16),(35,'2025-02-19 17:49:00.000000',46,20),(36,'2025-02-19 17:50:00.000000',46,5),(37,'2025-02-19 17:53:00.000000',47,16),(38,'2025-02-19 17:54:00.000000',47,17),(39,'2025-02-19 17:55:00.000000',47,6),(40,'2025-02-20 09:03:00.000000',49,4),(41,'2025-02-20 09:04:00.000000',49,17),(42,'2025-02-20 09:05:00.000000',49,21),(43,'2025-02-20 17:08:00.000000',50,6),(44,'2025-02-20 17:09:00.000000',50,19),(45,'2025-02-20 17:10:00.000000',50,3),(46,'2025-02-25 14:30:00.000000',60,18),(47,'2025-02-25 14:31:00.000000',60,5),(48,'2025-02-25 14:32:00.000000',60,17),(49,'2025-02-25 14:34:00.000000',61,15),(50,'2025-02-25 14:35:00.000000',61,22),(51,'2025-02-25 14:36:00.000000',61,6),(52,'2025-02-25 14:50:00.000000',62,2),(53,'2025-02-25 14:51:00.000000',62,18),(54,'2025-02-25 14:52:00.000000',62,1),(55,'2025-02-25 14:53:00.000000',63,1),(56,'2025-02-25 14:54:00.000000',63,18),(57,'2025-02-25 14:55:00.000000',63,6),(58,'2025-02-25 14:56:00.000000',64,19),(59,'2025-02-25 14:57:00.000000',64,21),(60,'2025-02-25 14:58:00.000000',64,6),(61,'2025-02-25 15:01:00.000000',65,18),(62,'2025-02-25 15:02:00.000000',65,21),(63,'2025-02-25 15:03:00.000000',65,8),(64,'2025-02-25 15:03:00.000000',66,5),(65,'2025-02-25 15:04:00.000000',66,15),(66,'2025-02-25 15:05:00.000000',66,17),(67,'2025-02-25 15:19:00.000000',67,6),(68,'2025-02-25 15:20:00.000000',67,15),(69,'2025-02-25 15:21:00.000000',67,18),(70,'2025-02-27 16:38:00.000000',68,5),(71,'2025-02-27 16:39:00.000000',68,17),(72,'2025-02-27 16:40:00.000000',68,22),(73,'2025-02-27 18:03:00.000000',69,21),(74,'2025-02-27 18:04:00.000000',69,15),(75,'2025-02-27 18:05:00.000000',69,16),(76,'2025-02-27 18:03:00.000000',70,1),(77,'2025-02-27 18:04:00.000000',70,3),(78,'2025-02-27 18:05:00.000000',70,21),(79,'2025-02-27 18:05:00.000000',71,2),(80,'2025-02-27 18:06:00.000000',71,4),(81,'2025-02-27 18:07:00.000000',71,22),(82,'2025-02-28 11:11:00.000000',72,6),(83,'2025-02-28 11:12:00.000000',72,4),(84,'2025-02-28 11:13:00.000000',72,2),(85,'2025-02-28 11:14:00.000000',73,19),(86,'2025-02-28 11:15:00.000000',73,18),(87,'2025-02-28 11:16:00.000000',73,6),(88,'2025-02-28 15:33:00.000000',74,4),(89,'2025-02-28 15:34:00.000000',74,2),(90,'2025-02-28 15:35:00.000000',74,17);
/*!40000 ALTER TABLE `chat_group_quiz` ENABLE KEYS */;
UNLOCK TABLES;

--
-- Table structure for table `chat_group_quiz_answer`
--

DROP TABLE IF EXISTS `chat_group_quiz_answer`;
/*!40101 SET @saved_cs_client     = @@character_set_client */;
/*!50503 SET character_set_client = utf8mb4 */;
CREATE TABLE `chat_group_quiz_answer` (
  `chat_group_quiz_answer_id` int NOT NULL AUTO_INCREMENT,
  `chat_group_quiz_id` int DEFAULT NULL,
  `member_id` int DEFAULT NULL,
  `answer` int NOT NULL,
  PRIMARY KEY (`chat_group_quiz_answer_id`),
  KEY `FK3eto6iwgn98vhlr10547vtx27` (`chat_group_quiz_id`),
  KEY `FKgc1ynq0olo4uosonlj3lso33r` (`member_id`),
  CONSTRAINT `FK3eto6iwgn98vhlr10547vtx27` FOREIGN KEY (`chat_group_quiz_id`) REFERENCES `chat_group_quiz` (`chat_group_quiz_id`),
  CONSTRAINT `FKgc1ynq0olo4uosonlj3lso33r` FOREIGN KEY (`member_id`) REFERENCES `member` (`member_id`)
) ENGINE=InnoDB AUTO_INCREMENT=69 DEFAULT CHARSET=utf8mb4 COLLATE=utf8mb4_0900_ai_ci;
/*!40101 SET character_set_client = @saved_cs_client */;

--
-- Dumping data for table `chat_group_quiz_answer`
--

LOCK TABLES `chat_group_quiz_answer` WRITE;
/*!40000 ALTER TABLE `chat_group_quiz_answer` DISABLE KEYS */;
INSERT INTO `chat_group_quiz_answer` VALUES (15,28,1,1),(16,28,35,2),(17,29,1,1),(18,29,35,1),(19,30,1,2),(20,30,35,2),(21,31,1,2),(22,31,42,2),(23,32,1,2),(24,32,42,1),(25,33,42,1),(26,33,1,2),(27,31,1,1),(28,31,42,1),(29,31,1,1),(30,31,42,2),(31,31,1,1),(32,31,42,2),(33,31,1,1),(34,31,42,2),(35,34,1,1),(36,34,33,1),(37,35,1,1),(38,35,33,2),(39,37,1,1),(40,37,35,1),(41,38,1,1),(42,38,35,1),(43,39,1,1),(44,39,35,1),(45,40,40,1),(46,40,1,1),(47,41,1,1),(48,41,40,1),(49,42,1,1),(50,43,1,1),(51,43,35,1),(52,45,1,1),(53,45,35,1),(54,51,1,1),(55,51,1,1),(56,49,1,1),(57,46,1,1),(58,52,1,1),(59,55,1,1),(60,54,1,2),(61,46,1,1),(62,58,1,1),(63,61,1,1),(64,64,1,1),(65,70,1,1),(66,82,1,1),(67,88,1,1),(68,88,30,2);
/*!40000 ALTER TABLE `chat_group_quiz_answer` ENABLE KEYS */;
UNLOCK TABLES;

--
-- Table structure for table `chat_room_members`
--

DROP TABLE IF EXISTS `chat_room_members`;
/*!40101 SET @saved_cs_client     = @@character_set_client */;
/*!50503 SET character_set_client = utf8mb4 */;
CREATE TABLE `chat_room_members` (
  `chat_room_id` bigint NOT NULL,
  `member_id` int NOT NULL,
  KEY `FKb8loxg45rk5vh1wckd0vb6nfe` (`member_id`),
  KEY `FK4i0s5ls4fjs63gaf2x2vhvf1r` (`chat_room_id`),
  CONSTRAINT `FK4i0s5ls4fjs63gaf2x2vhvf1r` FOREIGN KEY (`chat_room_id`) REFERENCES `real_time_chat_room` (`id`),
  CONSTRAINT `FKb8loxg45rk5vh1wckd0vb6nfe` FOREIGN KEY (`member_id`) REFERENCES `member` (`member_id`)
) ENGINE=InnoDB DEFAULT CHARSET=utf8mb4 COLLATE=utf8mb4_0900_ai_ci;
/*!40101 SET character_set_client = @saved_cs_client */;

--
-- Dumping data for table `chat_room_members`
--

LOCK TABLES `chat_room_members` WRITE;
/*!40000 ALTER TABLE `chat_room_members` DISABLE KEYS */;
/*!40000 ALTER TABLE `chat_room_members` ENABLE KEYS */;
UNLOCK TABLES;

--
-- Table structure for table `follow`
--

DROP TABLE IF EXISTS `follow`;
/*!40101 SET @saved_cs_client     = @@character_set_client */;
/*!50503 SET character_set_client = utf8mb4 */;
CREATE TABLE `follow` (
  `follow_id` int NOT NULL AUTO_INCREMENT,
  `followed` int NOT NULL,
  `follower` int NOT NULL,
  PRIMARY KEY (`follow_id`),
  KEY `FK1vonb4i60v41qii74nnsmc8hr` (`followed`),
  KEY `FKon174ytyau6iulr7uyxfoui4m` (`follower`),
  CONSTRAINT `FK1vonb4i60v41qii74nnsmc8hr` FOREIGN KEY (`followed`) REFERENCES `member` (`member_id`),
  CONSTRAINT `FKon174ytyau6iulr7uyxfoui4m` FOREIGN KEY (`follower`) REFERENCES `member` (`member_id`)
) ENGINE=InnoDB DEFAULT CHARSET=utf8mb4 COLLATE=utf8mb4_0900_ai_ci;
/*!40101 SET character_set_client = @saved_cs_client */;

--
-- Dumping data for table `follow`
--

LOCK TABLES `follow` WRITE;
/*!40000 ALTER TABLE `follow` DISABLE KEYS */;
/*!40000 ALTER TABLE `follow` ENABLE KEYS */;
UNLOCK TABLES;

--
-- Table structure for table `hashtag`
--

DROP TABLE IF EXISTS `hashtag`;
/*!40101 SET @saved_cs_client     = @@character_set_client */;
/*!50503 SET character_set_client = utf8mb4 */;
CREATE TABLE `hashtag` (
  `hashtag_id` int NOT NULL AUTO_INCREMENT,
  `word` varchar(255) DEFAULT NULL,
  PRIMARY KEY (`hashtag_id`)
) ENGINE=InnoDB AUTO_INCREMENT=5 DEFAULT CHARSET=utf8mb4 COLLATE=utf8mb4_0900_ai_ci;
/*!40101 SET character_set_client = @saved_cs_client */;

--
-- Dumping data for table `hashtag`
--

LOCK TABLES `hashtag` WRITE;
/*!40000 ALTER TABLE `hashtag` DISABLE KEYS */;
INSERT INTO `hashtag` VALUES (1,'말차라떼'),(2,'망고주스'),(3,'말차무스케이크'),(4,'말차티라미수');
/*!40000 ALTER TABLE `hashtag` ENABLE KEYS */;
UNLOCK TABLES;

--
-- Table structure for table `hobby`
--

DROP TABLE IF EXISTS `hobby`;
/*!40101 SET @saved_cs_client     = @@character_set_client */;
/*!50503 SET character_set_client = utf8mb4 */;
CREATE TABLE `hobby` (
  `hobby_id` int NOT NULL AUTO_INCREMENT,
  `category_id` int NOT NULL,
  `hobby_name` varchar(255) DEFAULT NULL,
  PRIMARY KEY (`hobby_id`),
  KEY `category_id` (`category_id`),
  CONSTRAINT `hobby_ibfk_1` FOREIGN KEY (`category_id`) REFERENCES `hobby_category` (`category_id`) ON DELETE CASCADE
) ENGINE=InnoDB AUTO_INCREMENT=35 DEFAULT CHARSET=utf8mb4 COLLATE=utf8mb4_0900_ai_ci;
/*!40101 SET character_set_client = @saved_cs_client */;

--
-- Dumping data for table `hobby`
--

LOCK TABLES `hobby` WRITE;
/*!40000 ALTER TABLE `hobby` DISABLE KEYS */;
INSERT INTO `hobby` VALUES (1,1,'골프'),(2,1,'달리기/조깅'),(3,1,'당구/포켓볼'),(4,1,'수영'),(5,1,'스키/스노보드'),(6,1,'스포츠 경기 방문 관람'),(7,1,'스포츠 경기 시청'),(8,1,'야구/축구/농구'),(9,1,'에어로빅/요가/필라테스'),(10,1,'자전거타기/사이클링'),(11,1,'춤/댄스/스포츠'),(12,1,'테니스/스쿼시'),(13,1,'헬스'),(14,1,'기타'),(15,2,'게임(PC/모바일/콘솔 등)'),(16,2,'낚시'),(17,2,'독서'),(18,2,'등산'),(19,2,'만화/웹툰 보기'),(20,2,'미용(피부관리/마사지/네일아트 등)'),(21,2,'생활공예(십자수, 꽃꽂이, 비즈공예, 뜨개질 등)'),(22,2,'어학/기술/자격증 취득 공부'),(23,2,'요리/베이킹'),(24,2,'유튜브 SNS 관리 및 콘텐츠 제작/업로드'),(25,2,'기타'),(26,3,'공연/콘서트/뮤지컬 관람'),(27,3,'영화관람'),(28,3,'전시회/박물관 관람'),(29,3,'기타'),(30,4,'국내/해외여행'),(31,4,'자동차 드라이브'),(32,4,'캠핑'),(33,5,'사회봉사활동'),(34,5,'기타');
/*!40000 ALTER TABLE `hobby` ENABLE KEYS */;
UNLOCK TABLES;

--
-- Table structure for table `hobby_category`
--

DROP TABLE IF EXISTS `hobby_category`;
/*!40101 SET @saved_cs_client     = @@character_set_client */;
/*!50503 SET character_set_client = utf8mb4 */;
CREATE TABLE `hobby_category` (
  `category_id` int NOT NULL AUTO_INCREMENT,
  `category_name` varchar(255) DEFAULT NULL,
  PRIMARY KEY (`category_id`)
) ENGINE=InnoDB AUTO_INCREMENT=6 DEFAULT CHARSET=utf8mb4 COLLATE=utf8mb4_0900_ai_ci;
/*!40101 SET character_set_client = @saved_cs_client */;

--
-- Dumping data for table `hobby_category`
--

LOCK TABLES `hobby_category` WRITE;
/*!40000 ALTER TABLE `hobby_category` DISABLE KEYS */;
INSERT INTO `hobby_category` VALUES (1,'스포츠'),(2,'취미오락'),(3,'문화예술'),(4,'여행'),(5,'기타');
/*!40000 ALTER TABLE `hobby_category` ENABLE KEYS */;
UNLOCK TABLES;

--
-- Table structure for table `images`
--

DROP TABLE IF EXISTS `images`;
/*!40101 SET @saved_cs_client     = @@character_set_client */;
/*!50503 SET character_set_client = utf8mb4 */;
CREATE TABLE `images` (
  `images_id` int NOT NULL AUTO_INCREMENT,
  `savefile_name` varchar(255) DEFAULT NULL,
  `post_id` int DEFAULT NULL,
  PRIMARY KEY (`images_id`),
  KEY `FKalwaag9bmtnbjaiv4wlp99fhg` (`post_id`),
  CONSTRAINT `FKalwaag9bmtnbjaiv4wlp99fhg` FOREIGN KEY (`post_id`) REFERENCES `post` (`post_id`)
) ENGINE=InnoDB AUTO_INCREMENT=26 DEFAULT CHARSET=utf8mb4 COLLATE=utf8mb4_0900_ai_ci;
/*!40101 SET character_set_client = @saved_cs_client */;

--
-- Dumping data for table `images`
--

LOCK TABLES `images` WRITE;
/*!40000 ALTER TABLE `images` DISABLE KEYS */;
INSERT INTO `images` VALUES (1,'KakaoTalk_20250117_1915009131737165055774.jpg',3),(2,'KakaoTalk_20250117_1915009131737165055774.jpg',4),(3,'KakaoTalk_20250117_1915009131737165055774.jpg',5),(4,'KakaoTalk_20250117_1915009131737165055774.jpg',6),(11,'20221007＿205530.jpg',7),(12,'porksoup.jpg',8),(13,'매머드.jpg',9),(14,'매머드.jpg',10),(15,'매머드.jpg',11),(16,'말차라뗴1740311166469.jpeg',12),(17,'말차라뗴1740311648897.jpeg',13),(18,'망고주스1740312073901.jpeg',15),(19,'다운로드1740451425938.jpg',16),(20,'다운로드 (18)1740627486309.jpg',17),(21,'말차무스케이크1740628182519.jpg',18),(22,'말차무스케이크1740628244360.jpg',19),(23,'말차티라미수1740628270271.jpg',20),(24,'민지쇼츠1740732393408.mp4',21),(25,'아이사 쇼츠1740732577666.mp4',22);
/*!40000 ALTER TABLE `images` ENABLE KEYS */;
UNLOCK TABLES;

--
-- Table structure for table `jongro_restaurants`
--

DROP TABLE IF EXISTS `jongro_restaurants`;
/*!40101 SET @saved_cs_client     = @@character_set_client */;
/*!50503 SET character_set_client = utf8mb4 */;
CREATE TABLE `jongro_restaurants` (
  `id` bigint NOT NULL AUTO_INCREMENT,
  `address` varchar(255) NOT NULL,
  `business_name` varchar(100) DEFAULT NULL,
  `business_type` varchar(50) DEFAULT NULL,
  PRIMARY KEY (`id`)
) ENGINE=InnoDB AUTO_INCREMENT=992 DEFAULT CHARSET=utf8mb4 COLLATE=utf8mb4_0900_ai_ci;
/*!40101 SET character_set_client = @saved_cs_client */;

--
-- Dumping data for table `jongro_restaurants`
--

LOCK TABLES `jongro_restaurants` WRITE;
/*!40000 ALTER TABLE `jongro_restaurants` DISABLE KEYS */;
INSERT INTO `jongro_restaurants` VALUES (1,'서울특별시 종로구 필운대로 57, 1층 (옥인동)','옥인23','감성주점'),(2,'서울특별시 종로구 돈화문로11길 28-5, 새서울 지하1층 (낙원동)','피프(PEEP)','감성주점'),(3,'서울특별시 종로구 수표로 109, 3층 (낙원동)','R콜','감성주점'),(4,'서울특별시 종로구 창경궁로33길 15, 지하1층 (명륜2가)','써카 1950','감성주점'),(5,'서울특별시 종로구 성균관로4길 21, 1층 (명륜2가)','에스빠스','감성주점'),(6,'서울특별시 종로구 사직로8길 42, 지상 1층 107호 (내수동, 광화문시대)','플랑슈(Planche)','감성주점'),(7,'서울특별시 종로구 율곡로10길 63, 성우빌딩 지상1층 (권농동)','더블유슬래시(DOUBLE YOU SLASH)','경양식'),(8,'서울특별시 종로구 삼일대로32길 45, HZONE 지상2층 (좌측)A호 (운니동)','칠링(Chilling)','경양식'),(9,'서울특별시 종로구 자하문로2길 3, 1층 (통의동)','에떼르넬 다이닝','경양식'),(10,'서울특별시 종로구 창경궁로 246, 지상1,2층 (명륜2가)','노모어피자 대학로점','경양식'),(11,'서울특별시 종로구 새문안로 35-48, 지상 1, 2층 (신문로2가)','돈의문 바베큐','경양식'),(12,'서울특별시 종로구 대학로8가길 80, 1층 (동숭동)','그라운드제로','경양식'),(13,'서울특별시 종로구 경희궁2길 6, 지상 1층 (내수동)','블루 몽마르뜨','경양식'),(14,'서울특별시 종로구 경희궁2길 9-3, 지하 1층 (내수동)','수퍼(SOUPER) 광화문점','경양식'),(15,'서울특별시 종로구 자하문로7길 68-2, 지하 1층 (누하동)','랩틱 (LABTIC)','경양식'),(16,'서울특별시 종로구 종로 19, 르메이에르종로타운1 지하1층 116에이3호 (종로1가)','점점점','경양식'),(17,'서울특별시 종로구 경교장길 35, 상가동 지상 1층 3106호 (평동, 경희궁자이 3단지)','98도씨 국밥 서대문점','경양식'),(18,'서울특별시 종로구 세종대로 169, 삼보빌딩 4층 (세종로)','까예169 (CALLE169)','경양식'),(19,'서울특별시 종로구 옥인길 40, 지상 1층 (옥인동)','에노테카 친친','경양식'),(20,'서울특별시 종로구 종로3길 17, D타워 지상 3층 308호 (청진동)','(주) 캘리스코 히바린 광화문D타워점','경양식'),(21,'서울특별시 종로구 종로 271, 지상 1층 (종로6가)','노모어피자','경양식'),(22,'서울특별시 종로구 종로 326, 2층 (창신동)','체리가든','경양식'),(23,'서울특별시 종로구 경희궁길 36, 1층 (신문로2가)','렁팡스(L\'enfance)','경양식'),(24,'서울특별시 종로구 자하문로 255, 하림각 1층 (부암동)','엘리 야리','경양식'),(25,'서울특별시 종로구 새문안로5길 37, 도렴빌딩 지하 1층 53-2호 (도렴동)','도레미 타코(구.이화정원)','경양식'),(26,'서울특별시 종로구 창경궁로26길 4, 1층 (명륜4가)','비스까미노','경양식'),(27,'서울특별시 종로구 옥인2길 6, 1층 (누상동)','언껀(ANCAN)','경양식'),(28,'서울특별시 종로구 종로12길 23, 포인트23 10, 11층 (관철동)','1987 루프탑 레스토랑 종로점','경양식'),(29,'서울특별시 종로구 세검정로6길 16, 1층 (신영동)','송스키친','경양식'),(30,'서울특별시 종로구 수표로 107-1, 2층 (낙원동)','이슈','경양식'),(31,'서울특별시 종로구 삼봉로 81, 두산위브파빌리온 상가동 지상 1층 113호 (수송동)','그랜마스 브래드앤피자','경양식'),(32,'서울특별시 종로구 새문안로5가길 11, 옥빌딩 2층 (내수동)','등촌샤브칼국수 광화문점','경양식'),(33,'서울특별시 종로구 우정국로 26, 2층 RETAIL 7호 (공평동)','마이클 바이 해비치(Michael\'s by HAEVICHI)','경양식'),(34,'서울특별시 종로구 대학로3길 29, 2층 (연지동)','백주년기념관 네오트로','경양식'),(35,'서울특별시 종로구 대학로 48-8 (연건동)','하루온도 2호점','경양식'),(36,'서울특별시 종로구 성균관로6길 26, 1층 (명륜2가)','노말키친 혜화','경양식'),(37,'서울특별시 종로구 성균관로 4-8, 1층 (명륜2가)','디오엠','경양식'),(38,'서울특별시 종로구 평창11길 91, 1층 (평창동)','평창육칼','경양식'),(39,'서울특별시 종로구 팔판길 36, 1층 (팔판동)','아따블르','경양식'),(40,'서울특별시 종로구 자하문로7길 43, 1층 101, 102호 (누하동)','데케드(dekad)','경양식'),(41,'서울특별시 종로구 성균관로 4-3, 1층 (명륜2가)','온프(onf)','경양식'),(42,'서울특별시 종로구 삼일대로30길 23, BIZ-WELL 종로 오피스텔 1층 102호 (익선동)','익선취향d','경양식'),(43,'서울특별시 종로구 삼일대로32길 44, 1층 (익선동)','보글하우스','경양식'),(44,'서울특별시 종로구 청계천로 199, 국민은행 4층 (예지동)','퍼블릭가든(Public Garden)','경양식'),(45,'서울특별시 종로구 북촌로5나길 3-7, 1층 (화동)','삼청동 와옥','경양식'),(46,'서울특별시 종로구 삼일대로32가길 46, 다온빌딩 1층 (익선동)','매화다방(MAEHWA)','경양식'),(47,'서울특별시 종로구 종로3길 17, D타워 4층 404호 (청진동)','멜팅샵','경양식'),(48,'서울특별시 종로구 창경궁로 231, 2층 (명륜4가)','일월일일(一月一日)','경양식'),(49,'서울특별시 종로구 자하문로7길 16, 2층 201호 (통인동, 통인동근린생활시설/다세대)','크리스탈','경양식'),(50,'서울특별시 종로구 돈화문로11나길 31-3, 1층 (익선동)','지중해','경양식'),(51,'서울특별시 종로구 자하문로8길 10, 1층 (통의동)','까사 이태리아','경양식'),(52,'서울특별시 종로구 새문안로3길 30, 대우빌딩 지하1층 109호 (내수동)','언더랩(underlab)','경양식'),(53,'서울특별시 종로구 홍지문2길 7, 1층 (홍지동)','리또리또','경양식'),(54,'서울특별시 종로구 대학로12길 22, 2층 (동숭동)','씨씨(CC)','경양식'),(55,'서울특별시 종로구 사직로12길 1-2, 1층 (내자동)','타파스옥','경양식'),(56,'서울특별시 종로구 자하문로9길 11, 에이동 1층 (통인동)','문할로커피(Moonhalo coffee)','경양식'),(57,'서울특별시 종로구 종로 335-1, 명제빌딩 지하1층 (창신동)','yummy 여미 하노이 쌀국수','경양식'),(58,'서울특별시 종로구 종로53길 3, 지하1층 (창신동)','베어스타코','경양식'),(59,'서울특별시 종로구 창경궁로26길 38-13, 1층 (명륜4가)','와하Waaha','경양식'),(60,'서울특별시 종로구 대학로 81-1, 1,2층 (연건동)','아란치아','경양식'),(61,'서울특별시 종로구 삼청로 22-7 (사간동,지상1층)','스미스가 좋아하는 한옥','경양식'),(62,'서울특별시 종로구 새문안로5가길 3-10 (당주동,(지상2층))','박순례 손말이고기 산정집','경양식'),(63,'서울특별시 종로구 삼일대로19길 17 (관철동,(지상2층))','종로술방','경양식'),(64,'서울특별시 종로구 옥인3길 3 (누상동,1층)','플레이그라운드 41(PLAYGROUND 41)','경양식'),(65,'서울특별시 종로구 평창길 309 (평창동,지하1층, 1층)','인마이 메모리','경양식'),(66,'서울특별시 종로구 자하문로6길 11-36 (통의동,(지상1층))','라스위스','경양식'),(67,'서울특별시 종로구 율곡로3길 70 (안국동,(지상1층))','단아','경양식'),(68,'서울특별시 종로구 팔판길 15 (팔판동,지상2층)','하드보일드 레시피','경양식'),(69,'서울특별시 종로구 대학로5길 43, B1층 (연건동)','대학로#55','경양식'),(70,'서울특별시 종로구 효자로7길 23, 1층 (통의동)','애즈라이크(AS Like)','경양식'),(71,'서울특별시 종로구 율곡로13가길 8, 1,2층 (연건동)','두채(doochae)','경양식'),(72,'서울특별시 종로구 북촌로 24, 1층 (재동)','부케서울 안국점','경양식'),(73,'서울특별시 종로구 통일로 224 (교북동,(지상1층))','바이오','경양식'),(74,'서울특별시 종로구 세종대로23길 54 (당주동,세종빌딩 지하1층 106호)','겟 아웃(Get Out)','경양식'),(75,'서울특별시 종로구 계동길 84-3, 101호 (계동)','사진관','경양식'),(76,'서울특별시 종로구 세종대로 169, 삼보빌딩 1,2층 (세종로)','메르깟(MERCAT)','경양식'),(77,'서울특별시 종로구 세종대로 169, 삼보빌딩 지1층 (세종로)','까브169(CAVE169)','경양식'),(78,'서울특별시 종로구 종로3길 17, D타워 3층 301~303호 (청진동)','(유)아웃백스테이크하우스코리아 광화문D타워점','경양식'),(79,'서울특별시 종로구 창경궁로35나길 1, 지1층 (혜화동)','보울 델리 앤 이터리','경양식'),(80,'서울특별시 종로구 삼청로 96, 2층 (삼청동)','비언유주얼 삼청점','경양식'),(81,'서울특별시 종로구 창덕궁1길 33, 지하1층 (계동)','몽테뉴','경양식'),(82,'서울특별시 종로구 북촌로 6-8, 1층 (재동)','톤티(Tonti)','경양식'),(83,'서울특별시 종로구 옥인길 18, 2층 (옥인동)','러빙핸드','경양식'),(84,'서울특별시 종로구 인사동길 49, 3층 304호 (관훈동)','인사타이','경양식'),(85,'서울특별시 종로구 자하문로 131-37, 1층 (청운동)','아이들 모먼츠(Idle Moments)','경양식'),(86,'서울특별시 종로구 낙산길 4, 201호 (동숭동, 마론힐)','알케믹스 ALCHEMIX','경양식'),(87,'서울특별시 종로구 자하문로10길 14, 국민대학교총동문회관 지하1층 (통의동)','정통코다리','경양식'),(88,'서울특별시 종로구 삼일대로32길 57, 1층 (운니동)','오브 오프 라이트(Orb of Light)','경양식'),(89,'서울특별시 종로구 삼봉로 81, 두산위브파빌리온 122호 (수송동)','디디스 본점','경양식'),(90,'서울특별시 종로구 옥인길 71, 1층 (누상동)','무목','경양식'),(91,'서울특별시 종로구 돈화문로11나길 31, 지하1-2층 (익선동)','익선우즈','경양식'),(92,'서울특별시 종로구 필운대로 40, 1층 (누하동)','토리요우','경양식'),(93,'서울특별시 종로구 종로14길 4, 2층 (관철동)','서울코미디클럽','경양식'),(94,'서울특별시 종로구 동순라길 80, 1층 (원남동)','이스트아뜰리에','경양식'),(95,'서울특별시 종로구 삼일대로15길 21, 2층 (관철동)','언더바(underbar)','경양식'),(96,'서울특별시 종로구 필운대로1길 8, 1층 (필운동)','세이지핀치(sage finch)','경양식'),(97,'서울특별시 종로구 송월길 147, 2층 201호 (교북동, 동아아파트)','쁘띠몽드 경희궁자이점','경양식'),(98,'서울특별시 종로구 평창문화로 45-1, 1층 (평창동)','오마주','경양식'),(99,'서울특별시 종로구 종로14길 13, 1층 (관철동)','셰익스비어','경양식'),(100,'서울특별시 종로구 필운대로 9-2, 인왕빌딩 2층 (필운동)','사바하','경양식'),(101,'서울특별시 종로구 자하문로5길 24-1, 1층 (체부동)','오봉카츠','경양식'),(102,'서울특별시 종로구 필운대로5가길 2, 지상 2층 (누하동)','사이시옷','경양식'),(103,'서울특별시 종로구 인왕산로 19, 4층 (사직동)','로파이','경양식'),(104,'서울특별시 종로구 삼일대로15길 6, 제이앤제이빌딩 지상 3층 (관철동)','오티움','경양식'),(105,'서울특별시 종로구 창신4길 5, 지상 1층 (창신동)','파스타예요 종로점','경양식'),(106,'서울특별시 종로구 서순라길 117, 1층 (권농동)','지미 스모크하우스','경양식'),(107,'서울특별시 종로구 진흥로 498, 2층 (신영동)','살롱 드 사운드','경양식'),(108,'서울특별시 종로구 종로3길 30, 원일빌딩 3층 (청진동)','푸오리(Fuori)','경양식'),(109,'서울특별시 종로구 대학로10길 26, 3층 (동숭동)','투파인드피터 혜화점','경양식'),(110,'서울특별시 종로구 경희궁길 36, 지하1층 204호 (신문로2가)','커먼맨션','경양식'),(111,'서울특별시 종로구 우정국로2길 29, 지하1층 (관철동)','마디그라 종로점','경양식'),(112,'서울특별시 종로구 창신6나길 17, 1, 2층 (창신동)','치즈공업사','경양식'),(113,'서울특별시 종로구 자하문로 35-6, 인왕사우나 1층 (통인동)','델리노쉬','경양식'),(114,'서울특별시 종로구 옥인길 32-3, 지하1층 (옥인동)','라보아트 블루(LA BOITE BLEUE)','경양식'),(115,'서울특별시 종로구 북촌로5길 39, 1층 (화동)','연남토마 북촌점','경양식'),(116,'서울특별시 종로구 종로52길 3, 1층 (창신동)','경양카츠 동대문점','경양식'),(117,'서울특별시 종로구 창경궁로 130-1, 2층 (인의동)','내가 사는 세상','경양식'),(118,'서울특별시 종로구 옥인길 18, 1층 (옥인동)','서촌 프렌치','경양식'),(119,'서울특별시 종로구 대명길 32, 1-4층 (명륜2가)','알프카베이커리카페(alppucca barkery cafe)','경양식'),(120,'서울특별시 종로구 대학로 122 (동숭동)','피자오크','경양식'),(121,'서울특별시 종로구 종로50길 24 (창신동)','백석','경양식'),(122,'서울특별시 종로구 종로5길 38-1 (청진동,지상2층)','브릭(BRICK)','경양식'),(123,'서울특별시 종로구 필운대로 116, 동  호 (신교동)','티파니','경양식'),(124,'서울특별시 종로구 북촌로 21-15 (재동)','콩지 pot지','경양식'),(125,'서울특별시 종로구 자하문로 11 (체부동)','광화문연가','경양식'),(126,'서울특별시 종로구 사직로8길 24, 1층 106, 110호 (내수동, 경희궁의아침2단지)','후레쉬엎','경양식'),(127,'서울특별시 종로구 율곡로 179, 메이플레이스호텔 지하1층 (원남동)','트라토리아 연남','경양식'),(128,'서울특별시 종로구 삼일대로17길 43 (관철동)','락더후(Rock the who)','경양식'),(129,'서울특별시 종로구 수표로28길 33-12, 1층 (익선동)','마당공간','경양식'),(130,'서울특별시 종로구 종로46길 1 (창신동,지상2층)','빠리가호프','경양식'),(131,'서울특별시 종로구 창경궁로 242, 2층 (명륜2가)','훠궈나라','경양식'),(132,'서울특별시 종로구 보문로 13 (숭인동)','쏠레','경양식'),(133,'서울특별시 종로구 대학로11길 38-23 (명륜4가)','쿄코코','경양식'),(134,'서울특별시 종로구 종로5길 44, 2층 (청진동)','은행골','경양식'),(135,'서울특별시 종로구 수표로 115, 2~3층 (낙원동)','빅파이브 종로점','경양식'),(136,'서울특별시 종로구 수표로 114 (낙원동,지하1층)','올림픽','경양식'),(137,'서울특별시 종로구 새문안로3길 23, 경희궁의 아침 4단지 지하2층 105호 (내수동)','바 오쁘띠베르','경양식'),(138,'서울특별시 종로구 백석동길 11-5, 지하 1층 (부암동)','뻬르떼 (PER TE)','경양식'),(139,'서울특별시 종로구 자하문로 53, 2층 (통인동)','하우스안현','경양식'),(140,'서울특별시 종로구 효자로 107, 지하1층 (궁정동)','아뜰리에 안단테','경양식'),(141,'서울특별시 종로구 계동길 15, 지상 1, 2층 (계동)','아모르나폴리 계동점','경양식'),(142,'서울특별시 종로구 새문안로2길 10, 디팰리스 지하1층 B101호 (신문로2가)','(주)레솔베르 광화문점','경양식'),(143,'서울특별시 종로구 충신4나길 1, 2층 201호 (충신동)','띡(thick)','경양식'),(144,'서울특별시 종로구 청계천로 85, 삼일빌딩 지하1층 (관철동)','(주)탭샵바청계천삼일빌딩','경양식'),(145,'서울특별시 종로구 삼청로 89, 1~5층 (팔판동)','미트볼라운지 삼청점','경양식'),(146,'서울특별시 종로구 삼일대로26길 17, 1층 (낙원동)','평해옥','경양식'),(147,'서울특별시 종로구 삼청로 131, 1층 (삼청동)','더 베이커스 테이블','경양식'),(148,'서울특별시 종로구 백석동1가길 19, 2,3층 (부암동)','야드(YAD)','경양식'),(149,'서울특별시 종로구 세종대로 175, 세종문화회관 2층 (세종로)','(주)오리지널팬케이크하우스(세종문화회관점)','경양식'),(150,'서울특별시 종로구 창덕궁길 45, 1층, 2층 (원서동)','데비스(Debbie\'s)','경양식'),(151,'서울특별시 종로구 평창30길 11, 1층 (평창동)','오복 닭도리탕','경양식'),(152,'서울특별시 종로구 율곡로 206, 지하1층,1층,2층 (연건동)','스케치','경양식'),(153,'서울특별시 종로구 새문안로5길 37, 도렴빌딩 지하1층 28호, 29호 (도렴동)','동카츠','경양식'),(154,'서울특별시 종로구 옥인길 23-1, 지상 1층 좌측코너호 (누상동)','리틀보틀 (Little Bottle)','경양식'),(155,'서울특별시 종로구 삼일대로 423, 지하 1층 (낙원동)','술앤모어','경양식'),(156,'서울특별시 종로구 삼일대로32길 45, HZONE 1층 101호 (운니동)','루시드(LUCYD)','경양식'),(157,'서울특별시 종로구 사직로 49-4, 지하 1층 (사직동)','별유천지','경양식'),(158,'서울특별시 종로구 옥인길 71, 2층 (누상동)','아워플래닛','경양식'),(159,'서울특별시 종로구 경교장길 35, 1층 3147호 (평동, 경희궁자이 3단지)','페레','경양식'),(160,'서울특별시 종로구 우정국로2길 8, 3층 301호 (관철동)','노우즈 종로','경양식'),(161,'서울특별시 종로구 자하문로 44, 청민 2층 (창성동)','라파리나(La farina)','경양식'),(162,'서울특별시 종로구 대학로11길 34-1, 지상1층 좌측호 (명륜4가)','빌런치팬케이크','경양식'),(163,'서울특별시 종로구 율곡로4길 70, 지하1,지상1층 (수송동)','이여곰탕','경양식'),(164,'서울특별시 종로구 새문안로3길 23, 경희궁의 아침 4단지 지하2층 B116,B117,B118,B119호 (내수동)','라라(LALA)','경양식'),(165,'서울특별시 종로구 삼청로2길 40-5, 1층 (소격동)','만가타(MANGATA)','경양식'),(166,'서울특별시 종로구 종로 19, 르메이에르종로타운1 지하1층 105-2호 (종로1가)','빈티지0422','경양식'),(167,'서울특별시 종로구 경교장길 35, 3132호 (평동, 경희궁자이 3단지)','오스테리아고스마','경양식'),(168,'서울특별시 종로구 동숭길 50, 1층 (동숭동)','비스트로 주라','경양식'),(169,'서울특별시 종로구 창덕궁1길 6 (원서동,지상2층)','용수산 소반','경양식'),(170,'서울특별시 종로구 새문안로5길 19, 로얄빌딩 지하1층 66호 (당주동)','광화문육회','경양식'),(171,'서울특별시 종로구 율곡로 75, 지하1층 (계동)','에이치 플레이트(H-plate)','경양식'),(172,'서울특별시 종로구 성균관로 54, 1층 (명륜1가)','웰빙피자까페','경양식'),(173,'서울특별시 종로구 삼청로2길 40-3, 1층 (소격동)','블루보틀커피코리아 삼청','경양식'),(174,'서울특별시 종로구 북촌로5길 76, 1~3층 (소격동)','블루보틀커피코리아 삼청','경양식'),(175,'서울특별시 종로구 동숭길 100, 104호 (동숭동, 대학로 뮤지컬 전용극장)','타이하우스(대학로점)','경양식'),(176,'서울특별시 종로구 자하문로9길 34, 1층 (누하동)','까예 데 고미스(calle de Gomis)','경양식'),(177,'서울특별시 종로구 북악산로 48, 1층 (부암동)','아델라베일리','경양식'),(178,'서울특별시 종로구 윤보선길 46 (안국동)','지유가오카 핫초메','경양식'),(179,'서울특별시 종로구 동숭3길 6-6 (동숭동,(1층))','비투프로젝트 (B Two Projects)','경양식'),(180,'서울특별시 종로구 동숭길 43, 지상2층 (동숭동)','부부식당','경양식'),(181,'서울특별시 종로구 창경궁로 120, 1층 (인의동)','반포식스 종로5가점','경양식'),(182,'서울특별시 종로구 종로 263-1, 1층 (종로6가)','써브웨이 동대문역점','경양식'),(183,'서울특별시 종로구 자하문로16길 8, 1층 (창성동)','물랑(MOULIN)','경양식'),(184,'서울특별시 종로구 대학로11길 24-1 (명륜4가,1층)','달빛마루','경양식'),(185,'서울특별시 종로구 서순라길 149 (권농동,1층)','갤러리 소연 카페','경양식'),(186,'서울특별시 종로구 종로10길 13, 1층 (관철동)','브로스','경양식'),(187,'서울특별시 종로구 율곡로 223-20, 1층 (이화동)','accompany(어컴퍼니)','경양식'),(188,'서울특별시 종로구 자하문로13길 3, 1층 (통인동)','놋그릇 가지런히 놋이','경양식'),(189,'서울특별시 종로구 자하문로1가길 9, 1층 (체부동)','블루(6lue)','경양식'),(190,'서울특별시 종로구 팔판길 1-12 (팔판동,(지상1층))','126 멘션(126 Mansion)','경양식'),(191,'서울특별시 종로구 효자로 37 (통의동,지상1층)','디미','경양식'),(192,'서울특별시 종로구 종로 69 (종로2가,(YMCA 2층))','타지마할 레스토랑','경양식'),(193,'서울특별시 종로구 삼일대로30길 31, 1층 (익선동)','테이스트(TASTE)','경양식'),(194,'서울특별시 종로구 종로 51, 지하1층 (종로2가, 삼성생명 종로타워)','그린윗치','경양식'),(195,'서울특별시 종로구 삼청로2길 37-2, 지하층지상1.2층 (소격동)','라디오엠(Radio M)','경양식'),(196,'서울특별시 종로구 창의문로5길 6-1 (부암동)','꼰떼(Con Te)','경양식'),(197,'서울특별시 종로구 대학로9길 25, 1층 (명륜4가)','갸우뚱','경양식'),(198,'서울특별시 종로구 청계천로 73, 지상5층 (관철동)','11-14 Bunji(번지)','경양식'),(199,'서울특별시 종로구 새문안로5길 19, 로얄빌딩 지하1층 1호 (당주동)','에꼴드플라워','경양식'),(200,'서울특별시 종로구 자하문로24길 41-42, 지하1층 (효자동)','Plan-B1 PUB(플랜비원)','경양식'),(201,'서울특별시 종로구 대명길 31 (명륜4가,지상2층)','형제들 투도어펀','경양식'),(202,'서울특별시 종로구 효자로 12, 국립고궁박물관 (세종로)','사랑_고궁박물관','경양식'),(203,'서울특별시 종로구 종로 74 (종로2가,(지상6층))','더연바(The 蓮 Bar)','경양식'),(204,'서울특별시 종로구 종로46길 31 (창신동)','옛날연길냉면','경양식'),(205,'서울특별시 종로구 자하문로9길 14, 지상1,2층 (통인동)','호경','경양식'),(206,'서울특별시 종로구 삼청로 133-4, 1층 (삼청동)','르꼬숑','경양식'),(207,'서울특별시 종로구 삼청로 133-4, 지상 2,3층 (삼청동)','르꼬숑','경양식'),(208,'서울특별시 종로구 삼청로 82, 3층 (삼청동)','지석','경양식'),(209,'서울특별시 종로구 자하문로13길 1-4, 지상1층 (통인동)','주식회사 갈리나데이지','경양식'),(210,'서울특별시 종로구 종로14길 13, 2,3층 (관철동)','셰익스비어','경양식'),(211,'서울특별시 종로구 새문안로5길 14 (당주동)','섬','경양식'),(212,'서울특별시 종로구 종로31길 29, 1층 (인의동)','뚝섬이야기','경양식'),(213,'서울특별시 종로구 창경궁로 106, 지상1층 (인의동)','라마다종로지점 레스토랑','경양식'),(214,'서울특별시 종로구 율곡로 51 (안국동,지상1층)','안국 153(ANGUK 153)','경양식'),(215,'서울특별시 종로구 효자로7길 22-17, 1층 (통의동)','아인(ein)','경양식'),(216,'서울특별시 종로구 인사동1길 27 (인사동)','행랑','경양식'),(217,'서울특별시 종로구 삼일대로 436-1, 1층 (낙원동)','익선동','경양식'),(218,'서울특별시 종로구 종로 306-1 (창신동,지상2층)','원보양꼬치','경양식'),(219,'서울특별시 종로구 삼청로 86-5 (삼청동,지상1층,지하1층)','파툼','경양식'),(220,'서울특별시 종로구 창경궁로 263 (명륜2가,9층)','르시엘','경양식'),(221,'서울특별시 종로구 대학로11길 27 (명륜4가,지하1층)','도리안그레이','경양식'),(222,'서울특별시 종로구 종로1길 50 (중학동)','정가레스토랑','경양식'),(223,'서울특별시 종로구 성균관로 15-3 (명륜2가,지하1층)','챠코','경양식'),(224,'서울특별시 종로구 인사동16길 3-1 (관훈동)','우정','경양식'),(225,'서울특별시 종로구 율곡로1길 74-15, 1층 (소격동)','자작나무 이야기','경양식'),(226,'서울특별시 종로구 율곡로14길 15 (충신동,3층)','캔디','경양식'),(227,'서울특별시 종로구 세종대로23길 54, 세종빌딩, 세종아파트 101-1호 (당주동)','파리바게뜨카페(광화문점)','경양식'),(228,'서울특별시 종로구 대명길 41, 2층 (명륜4가)','내가찜한닭 대학로점','경양식'),(229,'서울특별시 종로구 청계천로 11, 2층 (서린동, 청계11빌딩)','라그릴리아 광화문점','경양식'),(230,'서울특별시 종로구 자하문로7길 20, 1층 (통인동)','밀크바(milk bar)','경양식'),(231,'서울특별시 종로구 청계천로 279, 지상 1층 (종로6가)','더 라운지(The Lounge)','경양식'),(232,'서울특별시 종로구 청계천로 279, 10층 (종로6가)','더 그리핀','경양식'),(233,'서울특별시 종로구 새문안로 38, 1층 (신문로2가)','강남면옥 정동점','경양식'),(234,'서울특별시 종로구 자하문로41길 4 (부암동,(지상2층))','로사','경양식'),(235,'서울특별시 종로구 동숭길 100, 1층 101호 (동숭동)','문벅(Moon buck)','경양식'),(236,'서울특별시 종로구 새문안로5가길 32, 지하1층 6호 (적선동)','경희궁부페','경양식'),(237,'서울특별시 종로구 종로 383 (숭인동)','첼로','경양식'),(238,'서울특별시 종로구 대학로12길 63, 석마빌딩 지하 1층 (동숭동)','삼청화','경양식'),(239,'서울특별시 종로구 돈화문로11길 33, 1층 (낙원동)','커먼투','경양식'),(240,'서울특별시 종로구 창경궁로 266 (혜화동)','레드 제플린(LED-ZEPPELIN)','경양식'),(241,'서울특별시 종로구 자하문로2길 9, 1,2층 (통의동)','만석꾼','경양식'),(242,'서울특별시 종로구 자하문로2길 7 (통의동)','귀한족발 경복궁역점','경양식'),(243,'서울특별시 종로구 대학로 129-9 (명륜4가,지상 1층)','겐로쿠우동','경양식'),(244,'서울특별시 종로구 대명길 39-4 (명륜4가,지상 1층)','오제불 제순식당','경양식'),(245,'서울특별시 종로구 돈화문로11다길 36 (익선동)','주식회사 간판없는 가게','경양식'),(246,'서울특별시 종로구 종로 51, 지하2층 213호 (종로2가)','코코이찌방야 종로타워점','경양식'),(247,'서울특별시 종로구 삼일대로30길 28, 1층 (익선동)','종로 스테이크 더 안심','경양식'),(248,'서울특별시 종로구 삼청로10길 18 (삼청동)','주식회사 갈다','경양식'),(249,'서울특별시 종로구 삼봉로 42, 2층 (청진동)','헤비스테이크 종로구청점','경양식'),(250,'서울특별시 종로구 돈화문로9길 2 (묘동)','카페마루','경양식'),(251,'서울특별시 종로구 창경궁로26길 38, 2층 (명륜4가)','피자보이시나 대학로점','경양식'),(252,'서울특별시 종로구 낙산길 7, 1층 (동숭동)','플럼피 브런치 (Plumpy Brunch)','경양식'),(253,'서울특별시 종로구 창덕궁1길 3, 1,2,3층 (원서동)','신의주 부대찌개','경양식'),(254,'서울특별시 종로구 종로 19, 1층 130-2호 (종로1가)','케밥샵','경양식'),(255,'서울특별시 종로구 종로 19, b301호 (종로1가,르메이에르종로타운)','호라이즌레스토랑','경양식'),(256,'서울특별시 종로구 율곡로1길 23, 1층 (사간동)','두가헌','경양식'),(257,'서울특별시 종로구 사직로8길 4, 301동 지하1층 113-9호 (사직동, 광화문 풍림스페이스본)','버거 앤 프라이즈 종로중앙점','경양식'),(258,'서울특별시 종로구 율곡로1길 54-3 (사간동)','호아드','경양식'),(259,'서울특별시 종로구 성균관로3길 16 (명륜3가,지상 2층)','캠브리지Ⅱ','경양식'),(260,'서울특별시 종로구 북촌로 31-22 (화동)','몽중헌 안국','경양식'),(261,'서울특별시 종로구 자하문로45길 8-11, 지1~지상2층 (홍지동)','스톤힐','경양식'),(262,'서울특별시 종로구 삼일대로30길 48, 2층 (익선동)','아크','경양식'),(263,'서울특별시 종로구 율곡로10길 12, 1층 (와룡동, 창덕이십일)','트레바리 슈퍼마켙 안국','경양식'),(264,'서울특별시 종로구 대학로10길 15-11, 2층 (동숭동)','구스토랩','경양식'),(265,'서울특별시 종로구 사직로 130, 적선현대빌딩 지하1층 57,58호 (적선동)','413프로젝트(413project)','경양식'),(266,'서울특별시 종로구 종로14길 30, 3-4층 (관철동)','이태리문','경양식'),(267,'서울특별시 종로구 평창12길 3 (평창동)','평창해장국','경양식'),(268,'서울특별시 종로구 수표로 105 (낙원동)','씨씨호프클럽','경양식'),(269,'서울특별시 종로구 종로 77, 통일빌딩 2층 204호 (종로2가)','이태리부대찌개 종각역점','경양식'),(270,'서울특별시 종로구 수표로 110 (낙원동, (지하1층))','신세계 커피숍 맥주','경양식'),(271,'서울특별시 종로구 삼청로 91, 2,3층 (삼청동)','스낵서울','경양식'),(272,'서울특별시 종로구 대명1길 25 (명륜4가)','비(B)','경양식'),(273,'서울특별시 종로구 청계천로 137 (장사동)','쎈츄럴카페','경양식'),(274,'서울특별시 종로구 성균관로 15-1 (명륜2가)','천향록','경양식'),(275,'서울특별시 종로구 사직로8길 34 (내수동,경희궁의아침3단지 지하115~119호)','플루토','경양식'),(276,'서울특별시 종로구 창덕궁1가길 8 (계동)','Hu\'s  table (후스 테이블)','경양식'),(277,'서울특별시 종로구 이화장길 26 (이화동,1층)','유메미루','경양식'),(278,'서울특별시 종로구 수표로 122 (낙원동,(지상3층))','삼층','경양식'),(279,'서울특별시 종로구 종로 77, 통일빌딩 3층 (종로2가)','문화공간 온','경양식'),(280,'서울특별시 종로구 종로14길 24, 3층 (관철동)','닭곰탕','경양식'),(281,'서울특별시 종로구 수표로28길 33-4, 1층 (익선동)','빠리가옥','경양식'),(282,'서울특별시 종로구 명륜길 47 (명륜3가,지상1층)','하이루','경양식'),(283,'서울특별시 종로구 대학로12길 15, 5층 (동숭동)','소울타워(SOUL TOWER)','경양식'),(284,'서울특별시 종로구 동순라길 96-1, 지상1층 (원남동)','피자피자','경양식'),(285,'서울특별시 종로구 통일로 204 (교북동,2층)','선우정','경양식'),(286,'서울특별시 종로구 삼청로 82 (삼청동,(지상1,2층))','아드난 레스토랑','경양식'),(287,'서울특별시 종로구 대학로 131-1 (명륜4가)','칸다소바 대학로점','경양식'),(288,'서울특별시 종로구 종로 1, 교보생명빌딩동 2층 (종로1가)','라브리 교보점','경양식'),(289,'서울특별시 종로구 자하문로40길 75, 1~2층 (부암동)','소소한 풍경','경양식'),(290,'서울특별시 종로구 대학로9길 23-2, 2층 (명륜4가)','서양집 혜화대학로본점','경양식'),(291,'서울특별시 종로구 수표로28길 21-12, 1층 (익선동)','때때롯 살롱','경양식'),(292,'서울특별시 종로구 혜화로3길 20, 1층 (명륜1가)','아도레 쿠치나','경양식'),(293,'서울특별시 종로구 자하문로 106, 지하1층 (청운동)','덴고의 커피','경양식'),(294,'서울특별시 종로구 자하문로10길 10-32, 1층 (통의동)','더구십사(THE 94)','경양식'),(295,'서울특별시 종로구 종로 85, 지상2~5층 (종로2가)','커피스미스 종로점','경양식'),(296,'서울특별시 종로구 동숭3길 1 (동숭동)','대규스시','경양식'),(297,'서울특별시 종로구 율곡로 1, 2층 (사간동)','꾸까 광화문점','경양식'),(298,'서울특별시 종로구 사직로12길 19-17, 1층 (내자동)','어비스','경양식'),(299,'서울특별시 종로구 돈화문로11다길 30 (익선동)','아트몬스터 익선동점','경양식'),(300,'서울특별시 종로구 북촌로5나길 83-6 (삼청동)','로마네꽁띠','경양식'),(301,'서울특별시 종로구 창경궁로 249, 지상1층 (명륜2가)','센꼬치','경양식'),(302,'서울특별시 종로구 필운대로 53-30, 지상 1, 2층 (옥인동)','라프레 서촌점','경양식'),(303,'서울특별시 종로구 돈화문로11나길 31-9, 1층 (익선동)','청수당','경양식'),(304,'서울특별시 종로구 사직로8길 24, 1층 113호 (내수동)','콜린스','경양식'),(305,'서울특별시 종로구 자하문로5길 17, 1~2층 (체부동)','틴(tiiin)','경양식'),(306,'서울특별시 종로구 북촌로 20-21, 1층 (재동)','이채','경양식'),(307,'서울특별시 종로구 율곡로10길 75 (권농동)','살롱순라','경양식'),(308,'서울특별시 종로구 자하문로7길 30, 2층 (통인동)','쿠킹앤모어','경양식'),(309,'서울특별시 종로구 돈화문로11나길 28, 1-2층 (익선동)','이층양옥','경양식'),(310,'서울특별시 종로구 대학로11길 9-5, 1층 (명륜4가)','파스타 마켓','경양식'),(311,'서울특별시 종로구 수표로28길 17-33 (익선동)','익선주택','경양식'),(312,'서울특별시 종로구 지봉로16길 3, 1층 (숭인동)','더스트 인터내셔널','경양식'),(313,'서울특별시 종로구 삼일대로26길 24, 1층 (낙원동)','무위낙원','경양식'),(314,'서울특별시 종로구 율곡로 83, 지상3층 (원서동)','르꼬숑','경양식'),(315,'서울특별시 종로구 율곡로 83, 지상2층 (원서동)','주식회사 합','경양식'),(316,'서울특별시 종로구 동숭길 101, 2층 (동숭동)','포로이 대학로','경양식'),(317,'서울특별시 종로구 성균관로 82, 지층 2호 (명륜1가, 도광루미네스트)','코나헤이븐','경양식'),(318,'서울특별시 종로구 수표로28길 35, 1층 (익선동)','루스카(Ruska)','경양식'),(319,'서울특별시 종로구 종로 112, 1층 (종로3가)','명랑시대쌀핫도그','경양식'),(320,'서울특별시 종로구 자하문로1가길 9, 1층 (체부동)','퀸즈테라스 한옥 달','경양식'),(321,'서울특별시 종로구 북촌로 8-2 (재동)','아티스트 컴플렉스(ARTIST KOMPLEX)','경양식'),(322,'서울특별시 종로구 종로 85-1 (종로2가,(지상4층))','불라','경양식'),(323,'서울특별시 종로구 백석동길 153 (부암동,(지하1층,지상1~2층))','산 모퉁이','경양식'),(324,'서울특별시 종로구 성균관로 15 (명륜2가,지상2층)','대빵가우육면','경양식'),(325,'서울특별시 종로구 동숭4길 14 (동숭동,지상 1층)','소앤(So Anne)','경양식'),(326,'서울특별시 종로구 동숭길 136, 2층 (동숭동)','반포식스','경양식'),(327,'서울특별시 종로구 팔판길 30-1 (팔판동)','아엠히얼(I am here)','경양식'),(328,'서울특별시 종로구 수표로28길 30-3, 1층 (돈의동)','밀 토스트','경양식'),(329,'서울특별시 종로구 종로 33, 그랑서울 지하1층 B135-2호 (청진동)','경성함바그&버거스캔들 그랑서울점','경양식'),(330,'서울특별시 종로구 종로 19, 르메이에르종로타운 1층 114-2호 (종로1가)','종로수제비','경양식'),(331,'서울특별시 종로구 윤보선길 35, 1층 102호 (안국동)','공공재 커피클럽(OOJ.coffee.club)','경양식'),(332,'서울특별시 종로구 낙산길 19, 1층 (동숭동)','슈뢰딩거','경양식'),(333,'서울특별시 종로구 낙산3길 19-8, 지상2층 (동숭동)','카페 트레블','경양식'),(334,'서울특별시 종로구 율곡로 215-6, 1층 (이화동)','발효미학','경양식'),(335,'서울특별시 종로구 종로 284 (창신동,지상2층)','동대문 치킨','경양식'),(336,'서울특별시 종로구 세종대로23길 54 (당주동,지하1층 103호)','피스','경양식'),(337,'서울특별시 종로구 사직로9가길 12 (필운동,1층)','도취 하녹식당','경양식'),(338,'서울특별시 종로구 삼봉로 81 (수송동,지하1층 125호)','KITCHEN TALK','경양식'),(339,'서울특별시 종로구 종로 74 (종로2가,지상5층)','더 연 카페(The 蓮 Cafe)','경양식'),(340,'서울특별시 종로구 백석동길 97 (부암동)','아트포라이프(Art for Life)','경양식'),(341,'서울특별시 종로구 돈화문로11다길 46-1, 1층 (익선동)','식물','경양식'),(342,'서울특별시 종로구 청계천로 99, 지하1층 (관철동)','포탈라레스토랑','경양식'),(343,'서울특별시 종로구 세종대로 175, 지하1층 (세종로)','반상','경양식'),(344,'서울특별시 종로구 삼일대로17길 43 (관철동,(지하1층))','우드스탁','경양식'),(345,'서울특별시 종로구 창의문로 168 (부암동,1층)','파란대문','경양식'),(346,'서울특별시 종로구 낙산길 198, 4층 404호 (창신동, 창신쌍용아파트 2지구)','몽마르 언덕','경양식'),(347,'서울특별시 종로구 율곡로2길 7 (수송동,서머셋팰리스 서울 (지상 1층 102호))','더 키친 일 뽀르노(The Kitchen IL Forno) 광화문점','경양식'),(348,'서울특별시 종로구 새문안로3길 30 (내수동,대우빌딩  지하1층 112호)','진이민이 돈가스','경양식'),(349,'서울특별시 종로구 대학로12길 53 (동숭동,2층)','서울프랑스','경양식'),(350,'서울특별시 종로구 대명1길 7, 2층 (명륜4가)','허그(HUG)','경양식'),(351,'서울특별시 종로구 자하문로17길 12-10 (옥인동,(지상1층))','제이투엘브','경양식'),(352,'서울특별시 종로구 삼청로 141 (삼청동,4층)','뉴욕 하늘','경양식'),(353,'서울특별시 종로구 통일로 166-142 (홍파동,1층)','광명호프','경양식'),(354,'서울특별시 종로구 종로41길 13, 수상빌딩 지하1층 (종로6가)','술데렐라','경양식'),(355,'서울특별시 종로구 사직로8길 24 (내수동,경희궁의 아침2단지 105호)','IL Tavolo(일따볼로)','경양식'),(356,'서울특별시 종로구 삼청로 86-5 (삼청동)','파툼 8','경양식'),(357,'서울특별시 종로구 종로51가길 4 (창신동)','데우라리 네팔','경양식'),(358,'서울특별시 종로구 북촌로5길 56 (소격동)','퀸즈베이커리(삼청점)','경양식'),(359,'서울특별시 종로구 대명1길 7 (명륜4가)','will(윌)','경양식'),(360,'서울특별시 종로구 세종대로 175, 지하1층 (세종로)','카페 네스카페 세종문화회관점','경양식'),(361,'서울특별시 종로구 종로 65 (종로2가)','스무디킹 종로점','경양식'),(362,'서울특별시 종로구 경희궁1길 1 (신문로2가,외1필지 (지상2층))','153','경양식'),(363,'서울특별시 종로구 수표로 118, 1층 (낙원동)','본가왕뼈감자탕(종로송해길점)','경양식'),(364,'서울특별시 종로구 동순라길 126-3 (원남동,(지하1층))','데이지','경양식'),(365,'서울특별시 종로구 효자로7길 14-1, 1층 (통의동)','언더젤코바(Under Zelkova)','경양식'),(366,'서울특별시 종로구 새문안로 92 (신문로1가,광화문오피시아빌딩 지하116호)','준이네','경양식'),(367,'서울특별시 종로구 종로 305 (창신동,(지상 2층))','에베레스트 커리월드','경양식'),(368,'서울특별시 종로구 삼청로 86-5 (삼청동)','FATUM 파툼 1','경양식'),(369,'서울특별시 종로구 창의문로 146 (부암동)','제비꽃 다방','경양식'),(370,'서울특별시 종로구 사직로8길 20, 1층 116호 (내수동, 파크팰리스 )','프레드매스','경양식'),(371,'서울특별시 종로구 돈화문로 31 (묘동,외 3필지)','만남의 광장','경양식'),(372,'서울특별시 종로구 북촌로5가길 17, 지하1~지상1층 (소격동)','오뉴하우스 북촌','경양식'),(373,'서울특별시 종로구 종로5길 7, 지하1층 104호 (청진동)','엘 이탈리안 비스트로','경양식'),(374,'서울특별시 종로구 새문안로 92 (신문로1가,지하1층 114호)','도노베아토','경양식'),(375,'서울특별시 종로구 대학로12길 64 (동숭동,지상2층)','Cats(캣츠)','경양식'),(376,'서울특별시 종로구 돈화문로 45 (묘동,지상3층)','뉴 숏버스(New Short Bus)','경양식'),(377,'서울특별시 종로구 종로12길 16 (관철동)','The Flair(더플래어)','경양식'),(378,'서울특별시 종로구 수표로22길 42 (돈의동,지상 1층)','핑키','경양식'),(379,'서울특별시 종로구 백석동길 15, 1층 (부암동)','코지 테이블(COZY TABLE)','경양식'),(380,'서울특별시 종로구 삼청로 141 (삼청동,지하1층)','북촌막국수제면소','경양식'),(381,'서울특별시 종로구 종로36길 9 (종로5가,(지상1,2,3층))','테라스','경양식'),(382,'서울특별시 종로구 대학로1길 25 (종로5가)','고향횟집','경양식'),(383,'서울특별시 종로구 삼봉로 44-1, 1층 (청진동)','청진영양센타2','경양식'),(384,'서울특별시 종로구 자하문로16길 5 (효자동,지상1층)','두오모','경양식'),(385,'서울특별시 종로구 돈화문로11가길 59 (익선동,현대뜨레비앙 지하109호)','악당','경양식'),(386,'서울특별시 종로구 자하문로5길 16-2, 2층 (체부동)','비','경양식'),(387,'서울특별시 종로구 자하문로1길 45-4 (필운동)','서촌칼제비','경양식'),(388,'서울특별시 종로구 팔판길 38 (팔판동)','West 19th(웨스트 나인티스)','경양식'),(389,'서울특별시 종로구 경희궁1길 5 (신문로2가,지하1층)','아데쏘(Adesso)','경양식'),(390,'서울특별시 종로구 대학로 153 (혜화동,지상1층)','한돌참치 대학로 본점','경양식'),(391,'서울특별시 종로구 백석동길 5 (부암동,2층)','부암동돈가스집1979','경양식'),(392,'서울특별시 종로구 창경궁로 240-7 (명륜4가)','행복한 오늘','경양식'),(393,'서울특별시 종로구 대학로14길 19 (혜화동)','카페 다오','경양식'),(394,'서울특별시 종로구 대학로12길 86, 1층 (동숭동)','째즈스토리','경양식'),(395,'서울특별시 종로구 삼청로 141 (삼청동,지상1층)','슬로우 파크(Park)','경양식'),(396,'서울특별시 종로구 종로31길 29 (인의동,(지상2층))','김명자굴국밥전문점','경양식'),(397,'서울특별시 종로구 삼청로4길 21 (삼청동,지상1,2층)','홍대개미','경양식'),(398,'서울특별시 종로구 대명길 28, 지상 8층 (명륜2가, 대학로CGV)','씨지브이 대학로3','경양식'),(399,'서울특별시 종로구 창경궁로31길 4, 2층 (명륜2가)','(주)현현 노바지점','경양식'),(400,'서울특별시 종로구 필운대로 116, 지하1층 101호 (신교동)','파티플로라','경양식'),(401,'서울특별시 종로구 동순라길 126-5, 1층 (원남동)','느낌가게 문득 창고문을 열다','경양식'),(402,'서울특별시 종로구 경희궁1길 27, 2층 (신문로2가)','심플리 플래터','경양식'),(403,'서울특별시 종로구 창덕궁길 59 (원서동)','파스타미샤','경양식'),(404,'서울특별시 종로구 자하문로16길 4 (창성동,1층)','레에스티우(L\'estiu)','경양식'),(405,'서울특별시 종로구 사직로8길 34 (내수동,경희궁의아침3단지 B156~158호)','씨에이치100','경양식'),(406,'서울특별시 종로구 대학로8가길 119 (동숭동,지상2층)','갤러리모짜르트','경양식'),(407,'서울특별시 종로구 서순라길 75-4, 1층 (봉익동)','오브오브라이트','경양식'),(408,'서울특별시 종로구 사직로9길 6-1, 지상1층 102호 (필운동)','아리(ari)','경양식'),(409,'서울특별시 종로구 창경궁로26길 17-2, 제지1층 제비102호 (명륜4가, 유빌리지)','치티(ziti)','경양식'),(410,'서울특별시 종로구 종로 51, 종로타워 지하2층 B212, 212-1호 (종로2가)','(주)브라더스스토어 패티바이번 종로타워점','경양식'),(411,'서울특별시 종로구 서순라길 81, 금보빌딩 1층 제104호,108호 (권농동)','주니스(Juni\'s)','경양식'),(412,'서울특별시 종로구 새문안로5길 19, 로얄빌딩 B1층 58호 (당주동)','오스테리아 라디치','경양식'),(413,'서울특별시 종로구 수표로28길 21-13, 1층 (익선동)','익선칼라','경양식'),(414,'서울특별시 종로구 돈화문로11길 41, 지층 (낙원동)','명카페','경양식'),(415,'서울특별시 종로구 돈화문로 68-1 (와룡동,1층)','시크릿가든','경양식'),(416,'서울특별시 종로구 종로 19, 르메이에르종로타운1 B120호 (종로1가)','두르가','경양식'),(417,'서울특별시 종로구 삼일대로19길 16, 지상3층 (관철동)','란카하우스(Ranka House)','경양식'),(418,'서울특별시 종로구 대학로 151, 1층 (혜화동)','그 남자의 파스타 대학로','경양식'),(419,'서울특별시 종로구 사직로10길 4, 지상1, 2층 (필운동)','사직(SAJIK)104','경양식'),(420,'서울특별시 종로구 자하문로 62, 지상3층 (효자동)','서울집시 서촌점','경양식'),(421,'서울특별시 종로구 수표로 106, 지상1층 (낙원동)','낙원동 그 집','경양식'),(422,'서울특별시 종로구 종로 19, 르메이에르종로타운1 지하1층 B113-2, B113-3호 (종로1가)','침스버거','경양식'),(423,'서울특별시 종로구 새문안로5길 19, 로얄빌딩 지하1층 41,43호 (당주동)','올라포케 광화문점','경양식'),(424,'서울특별시 종로구 율곡로 83, 아라리오 신관 지상4층 (원서동)','파티나 (PATINA)','경양식'),(425,'서울특별시 종로구 삼일대로32길 57, 1층 (운니동)','카페 운니','경양식'),(426,'서울특별시 종로구 율곡로13가길 4, 2층 (연건동)','신선식탁','경양식'),(427,'서울특별시 종로구 율곡로13가길 4, 1층 (연건동)','신선식탁','경양식'),(428,'서울특별시 종로구 대학로 36-26, 영빌딩 1층 (효제동)','맛단','경양식'),(429,'서울특별시 종로구 종로 26, SK서린동빌딩 지하1층 (서린동)','씨제이프레시웨이(주) 더 비스트로','경양식'),(430,'서울특별시 종로구 종로 19, 르메이에르종로타운1 b1층 101-2호 (종로1가)','꿈떡꿈떡','경양식'),(431,'서울특별시 종로구 대학로11길 지하 38-23 (명륜4가)','봉심컴퍼니','경양식'),(432,'서울특별시 종로구 삼청로 135-3, B1층 (삼청동)','스미스가 좋아하는 테라스','경양식'),(433,'서울특별시 종로구 대학로9길 33, 1층 (명륜4가)','오이지','경양식'),(434,'서울특별시 종로구 사직로1길 12, B01호 (행촌동)','난쏘공','경양식'),(435,'서울특별시 종로구 사직로10길 7, 1층 (내자동)','버거드 조선','경양식'),(436,'서울특별시 종로구 대학로8가길 129, 1층 (동숭동)','아이엠 아르띠스타','경양식'),(437,'서울특별시 종로구 종로5길 7, 지하1층 B101,102,103호 (청진동, 타워 8)','(주)뚝심 광화문점','경양식'),(438,'서울특별시 종로구 새문안로 97, 지하1층 (당주동, 포시즌스 호텔)','찰스 에이치(Charles H)','경양식'),(439,'서울특별시 종로구 새문안로 97, 지상1층 (당주동, 포시즌스호텔)','마루(Maru)','경양식'),(440,'서울특별시 종로구 새문안로 97, 지상2층 (당주동, 포시즌스호텔)','보칼리노&오울(Boccalino&OUL)','경양식'),(441,'서울특별시 종로구 새문안로 97, 지상10층 (당주동, 포시즌스호텔)','유유안(Yuyuan)','경양식'),(442,'서울특별시 종로구 종로39길 6, 1층 (종로6가)','더블 식스 버거','경양식'),(443,'서울특별시 종로구 창신5나길 1, 지하1층 (창신동)','레썸 피리리','경양식'),(444,'서울특별시 종로구 혜화로3길 5, 301동 지상1층 103호 (명륜2가, 명륜동주상복합아남아파트)','명륜건강원','경양식'),(445,'서울특별시 종로구 북촌로5길 43, 1층 (화동)','교촌치킨 안국점','경양식'),(446,'서울특별시 종로구 종로18길 9-6, 1층 (관수동)','그리드인','경양식'),(447,'서울특별시 종로구 종로3길 17, D타워1층 106호 (청진동)','질할브로스','경양식'),(448,'서울특별시 종로구 종로3길 17, 지상3층 306,307호 (청진동, 디타워)','(주)엠에프지코리아 매드포갈릭 광화문디타워점','경양식'),(449,'서울특별시 종로구 돈화문로11다길 27, 1층 (익선동)','시그니처알(R)','경양식'),(450,'서울특별시 종로구 지봉로 84 (숭인동,지하1층)','아리랑호프','경양식'),(451,'서울특별시 종로구 삼일대로17길 23, 2층 (관철동)','자기만족','경양식'),(452,'서울특별시 종로구 종로5길 19-10, 1층 (청진동)','쌍쌍운종가','경양식'),(453,'서울특별시 종로구 자하문로16길 5-5 (효자동,지상1층)','까델루뽀','경양식'),(454,'서울특별시 종로구 필운대로 33-4, 지상1층 (누하동)','키친','경양식'),(455,'서울특별시 종로구 돈화문로11나길 27-1, 1층 (익선동)','종로스테이크','경양식'),(456,'서울특별시 종로구 삼청로7길 7, 1층 (삼청동)','베테카텐(VETE CATTEN)','경양식'),(457,'서울특별시 종로구 삼청로 86-3, 1,2층 (삼청동)','골목숲','경양식'),(458,'서울특별시 종로구 자하문로5길 19, 1층 (체부동)','(주)마지','경양식'),(459,'서울특별시 종로구 창경궁로34길 5 (혜화동,지상2층)','펍 앤 포차 PUB&POCAH','경양식'),(460,'서울특별시 종로구 사직로12길 16, 1층 (내자동)','코블러(cobbler)','경양식'),(461,'서울특별시 종로구 율곡로 220, 1~2층 (이화동)','크러쉬버거앤펍','경양식'),(462,'서울특별시 종로구 돈화문로6나길 25, 지상2층 201호 (봉익동)','통식당','경양식'),(463,'서울특별시 종로구 팔판길 31, 지하1층 (팔판동)','마칸틴','경양식'),(464,'서울특별시 종로구 종로3길 17, D타워 123,124,125호 (청진동)','브루클린 더 버거 조인트 광화문 디타워점','경양식'),(465,'서울특별시 종로구 백석동길 6-5, 1층 (부암동)','창의문 뜰','경양식'),(466,'서울특별시 종로구 새문안로 97, 지하1층 (당주동, 포시즌스호텔)','더 마켓 키친 앤드 라더(The Market Kichen&Larder)','경양식'),(467,'서울특별시 종로구 종로3길 17, 2층 5호 (청진동)','폴리스 유한회사','경양식'),(468,'서울특별시 종로구 종로 80-2, 2층 (종로2가)','이라운지','경양식'),(469,'서울특별시 종로구 자하문로5가길 9-1, 1층 (체부동)','아스펜','경양식'),(470,'서울특별시 종로구 경희궁2길 7, 3층 (내수동)','고가빈 커리하우스','경양식'),(471,'서울특별시 종로구 낙산길 21, 1층 (동숭동)','오쏘파스타(OSSOPASTA)','경양식'),(472,'서울특별시 종로구 새문안로 3 (평동,지상1층)','제이에스(JS)텍사스','경양식'),(473,'서울특별시 종로구 우정국로2길 43, 2층 (관철동)','유도리야(屋)','경양식'),(474,'서울특별시 종로구 창경궁로31길 8, 1층 (명륜2가)','느낌가게 문득 창고문을 열다','경양식'),(475,'서울특별시 종로구 동숭길 51, 지상1층 (동숭동)','함박웃음식당','경양식'),(476,'서울특별시 종로구 새문안로5길 25 (도렴동)','릴리스','경양식'),(477,'서울특별시 종로구 종로5길 97 (수송동)','아키타','경양식'),(478,'서울특별시 종로구 삼일대로17길 52 (관철동)','Show Box(쇼박스)','경양식'),(479,'서울특별시 종로구 종로 33, 그랑서울 지하1층 135-1호 (청진동)','본우리반상 그랑서울점','경양식'),(480,'서울특별시 종로구 성균관로5길 9, 2층 (명륜3가)','철문집','경양식'),(481,'서울특별시 종로구 사직로12길 17, 1층 (내자동)','렌티드','경양식'),(482,'서울특별시 종로구 새문안로 68, 흥국생명빌딩 지하2층 (신문로1가)','주식회사 티시스 신문로지점','경양식'),(483,'서울특별시 종로구 종로3길 17, 1층 128호 (청진동)','수수커피 디타워','경양식'),(484,'서울특별시 종로구 사직로8길 4 (사직동,풍림스페이스본 지상1층 201동107B호)','더 샌드위치','경양식'),(485,'서울특별시 종로구 삼일대로17길 40 (관철동,3층)','카페루미 종로점','경양식'),(486,'서울특별시 종로구 성균관로17길 5 (명륜1가,지하1층)','Ristretto','경양식'),(487,'서울특별시 종로구 삼봉로 71, 1층 102호 (수송동)','커피기업','경양식'),(488,'서울특별시 종로구 수표로28길 30, 1층 (돈의동)','산스','경양식'),(489,'서울특별시 종로구 수표로28길 33-9, 1층 (익선동)','에일당','경양식'),(490,'서울특별시 종로구 종로12길 7 (관철동)','더 딤섬(the Dimsum)','경양식'),(491,'서울특별시 종로구 평창11길 3-3, 지하1층 (평창동)','광화문연가','경양식'),(492,'서울특별시 종로구 자하문로13길 1-4, 2-3층 (통인동)','주식회사 갈리나데이지','경양식'),(493,'서울특별시 종로구 수표로28길 17-6, 1층 (익선동)','열두달','경양식'),(494,'서울특별시 종로구 종로 78, 지하1층 2호 (종로2가)','(주)브로젝스','경양식'),(495,'서울특별시 종로구 통일로 234-1, 3층 (무악동)','마루이','경양식'),(496,'서울특별시 종로구 대명길 39-10 (명륜4가)','비어 파라솔','경양식'),(497,'서울특별시 종로구 자하문로7길 34 (통인동,(지상1층))','참','경양식'),(498,'서울특별시 종로구 낙산4길 56, 지상 1층 (이화동)','코기토 cogito','경양식'),(499,'서울특별시 종로구 대학로12길 70 (동숭동,지하1층)','식','경양식'),(500,'서울특별시 종로구 사직로8길 42 (내수동)','명동칼국수','경양식'),(501,'서울특별시 종로구 종로46길 17 (창신동,지상2층)','내교향식당','경양식'),(502,'서울특별시 종로구 돈화문로11가길 37, 1층 (익선동)','익선돈까스','경양식'),(503,'서울특별시 종로구 삼일대로 393-1 (관철동,지상4,5층)','수제왕돈까스','경양식'),(504,'서울특별시 종로구 윤보선길 40 (안국동)','선향','경양식'),(505,'서울특별시 종로구 옥인3길 16, 지하1층 (누상동)','파틱(PATIC)','경양식'),(506,'서울특별시 종로구 삼봉로 71, 8층 (수송동)','신라스테이 광화문 bar','경양식'),(507,'서울특별시 종로구 경교장길 35, 1층 3139호 (평동, 경희궁자이 3단지)','시즌스(seasons)','경양식'),(508,'서울특별시 종로구 성균관로 26 (명륜2가)','인생건어물맥주','경양식'),(509,'서울특별시 종로구 난계로 237 (숭인동)','서유기(구 나폴리)','경양식'),(510,'서울특별시 종로구 자하문로 19 (체부동)','몽마르지','경양식'),(511,'서울특별시 종로구 필운대로 34, 지상1층 101호 (누하동)','통인스윗팩토리','경양식'),(512,'서울특별시 종로구 수표로28길 33-11, 1층 (익선동)','(주)지오쿠치나 익선','경양식'),(513,'서울특별시 종로구 사직로8길 7, 1층 (필운동)','모브','경양식'),(514,'서울특별시 종로구 사직로8길 42 (내수동,지하105)','스윗스모크','경양식'),(515,'서울특별시 종로구 계동길 5, 1층 3호 (계동)','(주)헤비스테이크 안국역점','경양식'),(516,'서울특별시 종로구 종로5길 13 (청진동,지상1층)','옥토버훼스트','경양식'),(517,'서울특별시 종로구 옥인길 30-3, 3층 (옥인동)','라슈에뜨','경양식'),(518,'서울특별시 종로구 율곡로2길 7 (수송동,지상2층)','조식라운지','경양식'),(519,'서울특별시 종로구 종로 327 (창신동)','뿌자','경양식'),(520,'서울특별시 종로구 팔판길 29 (팔판동)','미마미(mimami)','경양식'),(521,'서울특별시 종로구 세종대로23길 54, 지하1층 101호 (당주동)','목마와 숙녀','경양식'),(522,'서울특별시 종로구 삼청로 90-1 (삼청동)','먹쉬돈나 에프앤비','경양식'),(523,'서울특별시 종로구 율곡로4길 7 (수송동)','카페 아이엠티 수송점','경양식'),(524,'서울특별시 종로구 종로1길 42 (수송동,지하1층)','비비돈가스','경양식'),(525,'서울특별시 종로구 자하문로40길 6, 1층 (부암동)','밀롱가(Milonga)','경양식'),(526,'서울특별시 종로구 삼청로 113 (삼청동,지상1층)','삼청동 우피(WOOFY)','경양식'),(527,'서울특별시 종로구 삼일대로30길 34, 지상1~2층 (익선동)','카페 1993','경양식'),(528,'서울특별시 종로구 대학로 146, 지하동 201호 (혜화동,씨티벨리빌딩)','퓨리안','경양식'),(529,'서울특별시 종로구 대명1길 21 (명륜4가)','04판','경양식'),(530,'서울특별시 종로구 북촌로 143 (삼청동)','비지문(BG Muhn)','경양식'),(531,'서울특별시 종로구 삼청로 75-5, 지상1층 (팔판동)','부띠끄 경성점','경양식'),(532,'서울특별시 종로구 경희궁1길 35, 지상1층 (신문로2가)','테라스 222(terrace 222)','경양식'),(533,'서울특별시 종로구 종로3길 17, 5층 3호 (청진동)','(주)닥터로빈 광화문점','경양식'),(534,'서울특별시 종로구 수표로28길 21-6, 1층 (익선동)','한옥랑솜 익선동카페','경양식'),(535,'서울특별시 종로구 북촌로 18 (재동)','로씨니','경양식'),(536,'서울특별시 종로구 종로12길 18 (관철동)','THE (더)','경양식'),(537,'서울특별시 종로구 경희궁2길 14, 지하1층 B01~B02호 (내수동)','팀트(TIMT)','경양식'),(538,'서울특별시 종로구 율곡로3길 87, 1층 (소격동)','커피 갤러리(COFFEE GALLERY)','경양식'),(539,'서울특별시 종로구 돈화문로5가길 22, 지층 (묘동)','다리치커피','경양식'),(540,'서울특별시 종로구 대명길 46, 2~3층 (명륜2가)','더킹스커피','경양식'),(541,'서울특별시 종로구 성균관로 38, 2층 (명륜1가)','카페 주연','경양식'),(542,'서울특별시 종로구 대학로12길 83, 대학로 아트원씨어터 지상 1층 (동숭동)','라콜롬코리아 주식회사','경양식'),(543,'서울특별시 종로구 통일로 146 (교남동,지하1층)','참선애 샤브샤브칼국수','경양식'),(544,'서울특별시 종로구 동숭길 127 (동숭동,우성빌딩1층)','포로이대학로','경양식'),(545,'서울특별시 종로구 율곡로17길 7-38, 1층 (이화동)','(주) 디에이치알','경양식'),(546,'서울특별시 종로구 자하문로6길 9, 1~2층 (통의동)','프리시즌(preseason)','경양식'),(547,'서울특별시 종로구 필운대로9길 3, 1~2층 (옥인동)','이이엄','경양식'),(548,'서울특별시 종로구 필운대로9길 1, 1층 (옥인동)','주식회사 현현 오무사지점','경양식'),(549,'서울특별시 종로구 율곡로 6, A동 지하3층 (중학동)','루드블랑','경양식'),(550,'서울특별시 종로구 창경궁로35길 21, 1층 (혜화동)','커피랩35','경양식'),(551,'서울특별시 종로구 경희궁길 43, 1,2층 (신문로2가)','아미고그룹','경양식'),(552,'서울특별시 종로구 낙산길 22, 2층 (동숭동)','뻐꾸기','경양식'),(553,'서울특별시 종로구 종로 266, 5층 512호 (종로6가)','봉자씨','경양식'),(554,'서울특별시 종로구 명륜길 15-5 (명륜3가)','밀가','경양식'),(555,'서울특별시 종로구 수표로28길 33-10, 1층 (익선동)','몽블랑솜 익선동카페','경양식'),(556,'서울특별시 종로구 동숭3길 6-4, 지하1층 (동숭동)','혜화동 버거','경양식'),(557,'서울특별시 종로구 창의문로 144, 지상1층 (부암동)','도하루 제과','경양식'),(558,'서울특별시 종로구 종로3길 17, 2층 204호 (청진동)','온더보더 광화문 D타워점','경양식'),(559,'서울특별시 종로구 창덕궁길 29, 지상1~3층 (원서동)','베이킹도우','경양식'),(560,'서울특별시 종로구 자하문로7길 24, 지하1층 (통인동)','이화(梨花)','경양식'),(561,'서울특별시 종로구 종로1길 50, 더케이트윈타워 지하1층 (중학동)','스윗샐러드','경양식'),(562,'서울특별시 종로구 새문안로3길 23, 지하2층 B201호 (내수동, 경희궁의아침4단지)','감성타코 광화문점','경양식'),(563,'서울특별시 종로구 혜화로 33, 1층 (명륜1가)','워터스트리트','경양식'),(564,'서울특별시 종로구 자하문로5길 16, 1층 (체부동)','체부동 수제비와 보리밥','경양식'),(565,'서울특별시 종로구 율곡로1길 74-9, 1층 (소격동)','이태리재','경양식'),(566,'서울특별시 종로구 홍지문2길 9, 1층 (홍지동)','아마스빈 상명대점','경양식'),(567,'서울특별시 종로구 삼청로 54-16, 1층 (소격동)','소격동 60','경양식'),(568,'서울특별시 종로구 대명길 41, 지하1층 (명륜4가)','바나바나(대학로점)','경양식'),(569,'서울특별시 종로구 필운대로6길 23-1, 1층 (통인동)','스펙터','경양식'),(570,'서울특별시 종로구 종로54길 17-10, 지하1층 (창신동)','동묘가라지(동묘 Garage)','경양식'),(571,'서울특별시 종로구 창경궁로 106, 1층 (인의동, 라마다호텔)','라움','경양식'),(572,'서울특별시 종로구 옥인길 59-1, 1층 101호 (누상동)','알키미아(Alkimia)','경양식'),(573,'서울특별시 종로구 수표로28길 17-19, 1층 (익선동)','울랄라파리','경양식'),(574,'서울특별시 종로구 율곡로2길 7, 1층 104호 (수송동)','더치앤빈','경양식'),(575,'서울특별시 종로구 종로31길 46-2, 1층 (연지동)','씨커','경양식'),(576,'서울특별시 종로구 자하문로 240, 2층 (부암동)','세검정 돈까스','경양식'),(577,'서울특별시 종로구 수표로28길 17-21, 1층 (익선동)','잡방','경양식'),(578,'서울특별시 종로구 사직로12길 2, 2층 (내자동)','빅블루(Big Blue)','경양식'),(579,'서울특별시 종로구 대학로8가길 79, 3층 (동숭동)','힐링 유후','경양식'),(580,'서울특별시 종로구 종로 70 (종로2가)','누크','경양식'),(581,'서울특별시 종로구 새문안로3길 30, 대우빌딩 지하1층 108호 (내수동)','어바웃진스','경양식'),(582,'서울특별시 종로구 돈화문로11다길 44, 지상1층 (익선동)','식물2','경양식'),(583,'서울특별시 종로구 종로14길 9, 지상4층 (관철동)','Forza(포르자)','경양식'),(584,'서울특별시 종로구 종로12길 23 (관철동)','의정부 부대찌개','경양식'),(585,'서울특별시 종로구 종로 127-2 (종로3가,지하1층)','대륙','경양식'),(586,'서울특별시 종로구 우정국로2길 41, 3층 (관철동)','그라피','경양식'),(587,'서울특별시 종로구 창경궁로 234, 1층 (명륜4가)','미분당','경양식'),(588,'서울특별시 종로구 삼청로4길 6, 1층 (화동)','차뜰','경양식'),(589,'서울특별시 종로구 자하문로4길 7, 1층 (통의동)','코피티암(KOPITIAM))','경양식'),(590,'서울특별시 종로구 종로40가길 7 (종로5가)','서울 돈까스','경양식'),(591,'서울특별시 종로구 난계로 241, 2층 (숭인동)','아이비테라스 (IB TERRACE)','경양식'),(592,'서울특별시 종로구 옥인길 23-6, 지하1층 (누상동)','도취','경양식'),(593,'서울특별시 종로구 삼일대로32길 지하 55-3, 지하층 (운니동)','연극','경양식'),(594,'서울특별시 종로구 대명1길 16-18 (명륜4가,지상1,2층)','Sam Cooke(샘쿡)','경양식'),(595,'서울특별시 종로구 자하문로10길 13-1 (창성동)','계경목장','경양식'),(596,'서울특별시 종로구 종로 286 (창신동,지상2층)','연혜인 참치','경양식'),(597,'서울특별시 종로구 세검정로 234, 2,3층 (홍지동)','청학동','경양식'),(598,'서울특별시 종로구 종로 14 (서린동)','샤디드','경양식'),(599,'서울특별시 종로구 홍지문길 1 (홍지동)','팔선생','경양식'),(600,'서울특별시 종로구 필운대로 29, 2층 (누하동)','백석, 흰 당나귀','경양식'),(601,'서울특별시 종로구 대학로12길 63 (동숭동)','코비','경양식'),(602,'서울특별시 종로구 인사동길 58 (관훈동)','니르바나','경양식'),(603,'서울특별시 종로구 인사동11길 11 (관훈동)','블루','경양식'),(604,'서울특별시 종로구 대학로 129-4 (명륜4가,지상1층)','육식주','경양식'),(605,'서울특별시 종로구 대학로8가길 89 (동숭동)','슬로스텝(SIow SteP)','경양식'),(606,'서울특별시 종로구 사직로8길 17 (내자동)','SGH 한방차보감','경양식'),(607,'서울특별시 종로구 종로8길 5 (관철동)','마쵸마라','경양식'),(608,'서울특별시 종로구 종로12길 20, 1~3층 (관철동)','낭만','경양식'),(609,'서울특별시 종로구 대명길 33 (명륜4가)','베르제','경양식'),(610,'서울특별시 종로구 창경궁로 269 (혜화동)','테마','경양식'),(611,'서울특별시 종로구 수표로 109 (낙원동)','역전할머니맥주 종로3가점','경양식'),(612,'서울특별시 종로구 삼일대로20길 15 (관수동,지상1,2층)','종로수정식당','경양식'),(613,'서울특별시 종로구 대명1길 16-25 (명륜4가,지상1,2층)','올디스(OLDIES)','경양식'),(614,'서울특별시 종로구 동숭3길 16, 2,3층 (동숭동)','소호17번지','경양식'),(615,'서울특별시 종로구 대학로11길 38-6 (명륜4가)','벼랑','경양식'),(616,'서울특별시 종로구 돈화문로 37-1 (묘동)','장군숯불갈비','경양식'),(617,'서울특별시 종로구 대학로12길 43, 1층 (동숭동)','호프만의이야기','경양식'),(618,'서울특별시 종로구 세종대로23길 21 (당주동)','여름','경양식'),(619,'서울특별시 종로구 대학로 129-8 (명륜4가)','혜화돌쇠아저씨','경양식'),(620,'서울특별시 종로구 새문안로 35-52 (신문로2가)','이태리','경양식'),(621,'서울특별시 종로구 송월길 84 (송월동)','노이마','경양식'),(622,'서울특별시 종로구 세종대로21길 77-1 (신문로1가)','둘둘치킨','경양식'),(623,'서울특별시 종로구 대명1길 20 (명륜4가)','헤이커피','경양식'),(624,'서울특별시 종로구 새문안로 41-1 (신문로2가)','신문로 언덕','경양식'),(625,'서울특별시 종로구 대학로11길 38-6 (명륜4가)','플레이그라운드(PlayGround)','경양식'),(626,'서울특별시 종로구 세종대로 161 (세종로)','할리스 세종로점','경양식'),(627,'서울특별시 종로구 경희궁길 39 (신문로2가,지상1층)','커피스트','경양식'),(628,'서울특별시 종로구 자하문로2길 14 (적선동)','골목집','경양식'),(629,'서울특별시 종로구 종로 207 (종로5가)','태양의길목','경양식'),(630,'서울특별시 종로구 우정국로2길 43 (관철동,연타운빌딩 1층)','유도리','경양식'),(631,'서울특별시 종로구 종로 69 (종로2가,지상1층)','YMCA레스토랑','경양식'),(632,'서울특별시 종로구 종로 252-7 (종로5가)','왕벌집','경양식'),(633,'서울특별시 종로구 새문안로9길 28 (도렴동,(지상1,2층))','동경','경양식'),(634,'서울특별시 종로구 종로 376-2 (숭인동,228-2)','유니온스테이션','경양식'),(635,'서울특별시 종로구 새문안로5길 37 (도렴동)','차사랑','경양식'),(636,'서울특별시 종로구 삼일대로 385 (관철동)','종로돈부리','경양식'),(637,'서울특별시 종로구 돈화문로6나길 14-4 (봉익동)','무림갈비','경양식'),(638,'서울특별시 종로구 종로8길 21 (관철동)','종로삼계탕','경양식'),(639,'서울특별시 종로구 돈화문로 29 (묘동,지상2층)','레드폭스','경양식'),(640,'서울특별시 종로구 새문안로3길 30, 지하동 124호 (내수동,대우빌딩)','원대구탕','경양식'),(641,'서울특별시 종로구 대학로 144 (혜화동)','201','경양식'),(642,'서울특별시 종로구 대학로11길 32 (명륜4가)','Cakeimade(케이크아이메이드)','경양식'),(643,'서울특별시 종로구 율곡로 61 (재동,지상2층)','브람스','경양식'),(644,'서울특별시 종로구 동숭길 86, 1, 2층 (동숭동)','핏제리아 오','경양식'),(645,'서울특별시 종로구 돈화문로 24 (종로3가)','신천지','경양식'),(646,'서울특별시 종로구 성균관로 30 (명륜2가)','화이트홀','경양식'),(647,'서울특별시 종로구 삼일대로 401-22 (인사동)','이모네집','경양식'),(648,'서울특별시 종로구 자하문로 5 (체부동)','오븐에 빠진 닭','경양식'),(649,'서울특별시 종로구 창경궁로29길 25 (명륜3가)','불타는 38 광땡','경양식'),(650,'서울특별시 종로구 인사동길 14 (인사동)','스타벅스인사동점','경양식'),(651,'서울특별시 종로구 율곡로 208 (연건동)','주자만루','경양식'),(652,'서울특별시 종로구 종로 198-1, 2층 (종로4가, 덕화빌딩)','종로 삼겹살','경양식'),(653,'서울특별시 종로구 동숭길 29 (동숭동)','(주)디마떼오','경양식'),(654,'서울특별시 종로구 인사동길 27 (인사동)','작은인디아','경양식'),(655,'서울특별시 종로구 삼청로 126 (삼청동)','헤븐온탑(heaven on top)','경양식'),(656,'서울특별시 종로구 자하문로 35-2, 1층 (통인동)','서촌 호프 광장','경양식'),(657,'서울특별시 종로구 자하문로5길 18-13, 2층 (체부동)','이 마리','경양식'),(658,'서울특별시 종로구 우정국로2길 17 (관철동,지상2층)','흐엉관(HUONGQUAN)','경양식'),(659,'서울특별시 종로구 인사동길 33 (관훈동,지상1층)','지대방','경양식'),(660,'서울특별시 종로구 자하문로2길 10, 1층 (적선동)','카스트로 폴로스(castorPollux)','경양식'),(661,'서울특별시 종로구 종로9길 8, 2층 (인사동)','캐빈','경양식'),(662,'서울특별시 종로구 동숭2길 8 (동숭동)','톰','경양식'),(663,'서울특별시 종로구 자하문로 255, 하림각 1층 (부암동)','HW컨벤션센터','경양식'),(664,'서울특별시 종로구 종로11길 17-17 (인사동)','달의뒤편','경양식'),(665,'서울특별시 종로구 돈화문로11가길 89 (운니동)','씨티','경양식'),(666,'서울특별시 종로구 새문안로 35-26 (신문로2가)','비스','경양식'),(667,'서울특별시 종로구 성균관로3길 15 (명륜3가)','셰이디드(Shaded)','경양식'),(668,'서울특별시 종로구 삼청로 54, 지하1,지상1,2층 (소격동)','더레스토랑','경양식'),(669,'서울특별시 종로구 경교장길 35, 1층 3161호 (평동, 경희궁자이 3단지)','카페 아에 종로점','경양식'),(670,'서울특별시 종로구 윤보선길 22, 태양빌딩 1층 (안국동)','도트 블랭킷','경양식'),(671,'서울특별시 종로구 동숭길 94, 2층 (동숭동)','오드 투 디저트','경양식'),(672,'서울특별시 종로구 창경궁로 271-1 (혜화동)','엘빈','경양식'),(673,'서울특별시 종로구 수표로 118 (낙원동,(지상2층))','미락한식뷔페','경양식'),(674,'서울특별시 종로구 사직로 2 (교북동)','행운','경양식'),(675,'서울특별시 종로구 사직로10길 11 (내자동)','래래향','경양식'),(676,'서울특별시 종로구 삼일대로30길 32 (익선동)','가배','경양식'),(677,'서울특별시 종로구 계동길 11 (계동)','브루다 안국','경양식'),(678,'서울특별시 종로구 인사동12길 10 (관훈동)','평화만들기','경양식'),(679,'서울특별시 종로구 자하문로2길 1 (통의동)','하이트 클래스','경양식'),(680,'서울특별시 종로구 새문안로5길 19 (당주동)','비어할레','경양식'),(681,'서울특별시 종로구 종로1길 42, 이마빌딩 지하1층 (수송동)','백년가 짬뽕','경양식'),(682,'서울특별시 종로구 대학로11길 32 (명륜4가,지상1층)','불닭발 동대문 엽기떡볶이 대학로점','경양식'),(683,'서울특별시 종로구 북촌로5길 10, 1층 (재동)','안암(ANAM)','경양식'),(684,'서울특별시 종로구 종로58길 41, 2층 201호 (숭인동)','꽃(KKOT)','경양식'),(685,'서울특별시 종로구 사직로10길 3, 1층 (내자동)','내자상회','경양식'),(686,'서울특별시 종로구 창경궁로26길 39 (명륜4가)','나무요일','경양식'),(687,'서울특별시 종로구 창경궁로34길 15, 1,2층 (혜화동)','노랑통닭 대학로점','경양식'),(688,'서울특별시 종로구 창경궁로26길 40 (명륜4가,2층)','카페혜화동','경양식'),(689,'서울특별시 종로구 인사동길 9 (인사동)','오가다 종로2가 인사동점','경양식'),(690,'서울특별시 종로구 종로31길 15, 1,2층 (인의동)','털보네 해물탕 등갈비해물찜','경양식'),(691,'서울특별시 종로구 세종대로23길 47, 지하동   61호 (당주동,대농B.D)','가랑','경양식'),(692,'서울특별시 종로구 평창30길 28 (평창동)','두레유','경양식'),(693,'서울특별시 종로구 창경궁로34길 15 (혜화동,지상1,2층)','돈천동식당','경양식'),(694,'서울특별시 종로구 삼일대로 393-1 (관철동,지하1층)','맥주창고','경양식'),(695,'서울특별시 종로구 종로9길 20 (인사동)','논밭골','경양식'),(696,'서울특별시 종로구 보문로3길 2 (숭인동)','뉴 태평양','경양식'),(697,'서울특별시 종로구 종로57길 8 (숭인동)','아까시','경양식'),(698,'서울특별시 종로구 대학로9길 6 (명륜4가)','대왕 해물탕','경양식'),(699,'서울특별시 종로구 새문안로2길 43 (신문로1가)','신호','경양식'),(700,'서울특별시 종로구 자하문로 3 (내자동,지상2층)','경성주막1929 경복궁역점','경양식'),(701,'서울특별시 종로구 새문안로5길 11-7 (당주동)','최성근의 작은음악회','경양식'),(702,'서울특별시 종로구 지봉로 64-1 (숭인동)','바이킹','경양식'),(703,'서울특별시 종로구 새문안로9길 21 (당주동)','한남동그집 광화문점','경양식'),(704,'서울특별시 종로구 종로 397 (숭인동)','빈호프','경양식'),(705,'서울특별시 종로구 세종대로23길 54, 세종빌딩 지하1층 37호 (당주동)','송백','경양식'),(706,'서울특별시 종로구 대학로11길 34-1 (명륜4가,지하1층)','천지','경양식'),(707,'서울특별시 종로구 삼청로 80 (삼청동,지하1층)','작은프랑스 꺄브','경양식'),(708,'서울특별시 종로구 대명길 17 (명륜4가)','퀸(Queen) 101','경양식'),(709,'서울특별시 종로구 새문안로9길 24-4, 1~2층 (세종로)','광화문 나폴리 본점','경양식'),(710,'서울특별시 종로구 성균관로 12-1 (명륜2가)','포차야','경양식'),(711,'서울특별시 종로구 우정국로 44 (견지동)','선','경양식'),(712,'서울특별시 종로구 대학로10길 15-15 (동숭동,해안빌딩2층)','송화푸드시스템','경양식'),(713,'서울특별시 종로구 종로 246 (종로5가,지상2층)','피플','경양식'),(714,'서울특별시 종로구 자하문로 255, 하림각 지하1층 (부암동)','HW컨벤션센터','경양식'),(715,'서울특별시 종로구 자하문로 53-1 (통인동)','미인심리상담카페(me;人심리상담카페)','경양식'),(716,'서울특별시 종로구 창경궁로34길 22 (명륜2가)','삼경일','경양식'),(717,'서울특별시 종로구 종로48길 15-4 (창신동, (지상2층))','달리구라스','경양식'),(718,'서울특별시 종로구 종로 293 (창신동)','브롱스','경양식'),(719,'서울특별시 종로구 인사동1길 17 (인사동)','청사초롱','경양식'),(720,'서울특별시 종로구 북촌로1길 30-20 (안국동)','로마네꽁띠','경양식'),(721,'서울특별시 종로구 성균관로 14 (명륜2가)','캠브리지 성대점','경양식'),(722,'서울특별시 종로구 종로14길 19 (관철동)','러화머스','경양식'),(723,'서울특별시 종로구 새문안로5길 13 (당주동)','샬롬','경양식'),(724,'서울특별시 종로구 대학로10길 26, 1층 (동숭동)','에머이','경양식'),(725,'서울특별시 종로구 세종대로 161 (세종로,지상2층)','할리스 세종로점','경양식'),(726,'서울특별시 종로구 대학로 144, 2층동 2호호 (혜화동,중원프라자)','생맥주광장','경양식'),(727,'서울특별시 종로구 우정국로2길 27 (관철동,지하1층)','소주한잔','경양식'),(728,'서울특별시 종로구 새문안로5길 37, 지하동 1-47호 (도렴동,정우B/D)','달리','경양식'),(729,'서울특별시 종로구 세검정로 354-6 (평창동,지상1층)','제주면장','경양식'),(730,'서울특별시 종로구 삼청로 110-1 (삼청동)','오복당','경양식'),(731,'서울특별시 종로구 팔판길 42, 지하1층 (삼청동)','라끌레','경양식'),(732,'서울특별시 종로구 수표로 114 (낙원동,지상2층)','그때,그집에','경양식'),(733,'서울특별시 종로구 평창길 349 (평창동)','스위스','경양식'),(734,'서울특별시 종로구 대학로 132 (동숭동)','피자팔러','경양식'),(735,'서울특별시 종로구 종로66가길 21 (숭인동)','이반레스토랑','경양식'),(736,'서울특별시 종로구 새문안로5길 23 (도렴동)','샹그리아','경양식'),(737,'서울특별시 종로구 새문안로9길 29-3 (당주동)','안개꽃','경양식'),(738,'서울특별시 종로구 낙산성곽길 2 (창신동)','정그리다(JEONGGEURIDA)','경양식'),(739,'서울특별시 종로구 우정국로2길 31, 2층 (관철동)','이웃집 로바다야끼','경양식'),(740,'서울특별시 종로구 사직로 101 (필운동)','로댕','경양식'),(741,'서울특별시 종로구 혜화로 6 (혜화동)','사람살이','경양식'),(742,'서울특별시 종로구 율곡로2길 19, 1층 (수송동, 수송타워빌딩)','라뜰리에(Latelier)','경양식'),(743,'서울특별시 종로구 삼일대로20길 20 (관수동)','카스호프뱅크','경양식'),(744,'서울특별시 종로구 성균관로3길 15 (명륜3가)','에버그린','경양식'),(745,'서울특별시 종로구 대학로11길 41-6, 1층 (명륜4가)','마띠에르(Matiere)','경양식'),(746,'서울특별시 종로구 사직로 113 (내자동,(지하1층))','bobos(보보스)','경양식'),(747,'서울특별시 종로구 인사동4길 18, 2층 (낙원동, 오라카이인사동스위츠)','오라카이 라운지','경양식'),(748,'서울특별시 종로구 종로1길 58 (중학동)','한마당','경양식'),(749,'서울특별시 종로구 삼일대로 430 (낙원동)','마산아구찜','경양식'),(750,'서울특별시 종로구 세검정로6길 8 (홍지동)','쑬','경양식'),(751,'서울특별시 종로구 자하문로41길 1 (부암동)','은혜식당','경양식'),(752,'서울특별시 종로구 삼봉로 81 (수송동,두산위브 지하111호)','멜로디스','경양식'),(753,'서울특별시 종로구 새문안로 103-1, 지하1층 (신문로1가)','광화문 허니 떡볶이','경양식'),(754,'서울특별시 종로구 창덕궁길 31 (원서동)','나무요일','경양식'),(755,'서울특별시 종로구 창경궁로26길 35 (명륜4가)','하늘 아래 바람','경양식'),(756,'서울특별시 종로구 종로44길 66 (창신동)','네트호프','경양식'),(757,'서울특별시 종로구 종로40길 18 (종로5가)','삼일','경양식'),(758,'서울특별시 종로구 성균관로 24-1 (명륜2가)','뚱딴지','경양식'),(759,'서울특별시 종로구 종로1길 57 (중학동)','다원','경양식'),(760,'서울특별시 종로구 우정국로 29 (공평동,지상1층)','공평식당','경양식'),(761,'서울특별시 종로구 새문안로9길 19-1 (당주동)','뽐모도로','경양식'),(762,'서울특별시 종로구 대학로9길 19 (명륜4가)','블루노트','경양식'),(763,'서울특별시 종로구 북악산로 267 (평창동,지하1층 지상1,2층)','북악팔각정(하늘레스토랑,해오름,커피하우스)','경양식'),(764,'서울특별시 종로구 인사동길 20 (인사동)','바람부는섬','경양식'),(765,'서울특별시 종로구 인사동1길 16 (인사동)','통나무','경양식'),(766,'서울특별시 종로구 동숭길 76 (동숭동,지상1층)','고부기 대학로본점','경양식'),(767,'서울특별시 종로구 종로8길 5 (관철동)','주식회사 비알인터내셔날','경양식'),(768,'서울특별시 종로구 대학로 46 (연건동)','원조식당','경양식'),(769,'서울특별시 종로구 종로5길 13 (청진동)','둘둘치킨 종로1가점','경양식'),(770,'서울특별시 종로구 대학로12길 17 (동숭동)','호브노브','경양식'),(771,'서울특별시 종로구 대학로 129-2 (명륜4가)','뉴욕야시장 대학로점','경양식'),(772,'서울특별시 종로구 종로14길 16 (관철동)','제주바당','경양식'),(773,'서울특별시 종로구 종로62길 21 (숭인동,지상1층)','동서갈비','경양식'),(774,'서울특별시 종로구 진흥로 435 (구기동)','삼각산','경양식'),(775,'서울특별시 종로구 우정국로2길 32 (관철동)','또또와','경양식'),(776,'서울특별시 종로구 자하문로 301 (홍지동)','다다','경양식'),(777,'서울특별시 종로구 종로5길 32-3 (청진동)','카린지&린가네 광화문점','경양식'),(778,'서울특별시 종로구 율곡로19길 57, 1층 (이화동)','오덕새 (ODEOKSAE)','경양식'),(779,'서울특별시 종로구 돈화문로11길 28-5, 쎄느장여관 3층 (낙원동)','새서울','경양식'),(780,'서울특별시 종로구 성균관로 40, 새주빌딩 1층 (명륜1가)','애플꼬마김밥 성균관대점','경양식'),(781,'서울특별시 종로구 종로17길 40, 2층 (낙원동)','돌체','경양식'),(782,'서울특별시 종로구 창경궁로 234, 동화빌딩 1층 (명륜4가)','파파이스 성균관대점','경양식'),(783,'서울특별시 종로구 윤보선길 10, 2층 13호 (안국동)','세계일주-고두비','경양식'),(784,'서울특별시 종로구 돈화문로 35 (묘동,지하1층)','부산 아구찜','경양식'),(785,'서울특별시 종로구 북촌로5길 56-8, 101호 (소격동)','가배도 삼청점','경양식'),(786,'서울특별시 종로구 삼청로 61, 1,2층 (팔판동)','팔발라(FALBALAS)','경양식'),(787,'서울특별시 종로구 자하문로 131-37, 지하1층 (청운동)','타쳇(Tacet)','경양식'),(788,'서울특별시 종로구 대학로 144, 중원빌딩 5층 (혜화동)','대학로에 취하다 혜화 2호점','경양식'),(789,'서울특별시 종로구 평창문화로 29, 오피스텔 천지인 지층2호 (평창동)','금별맥주 종로평창점','경양식'),(790,'서울특별시 종로구 새문안로 92, 광화문오피시아빌딩 B1층 제9호 (신문로1가)','굿데이샌드&파스타','경양식'),(791,'서울특별시 종로구 북촌로 20-3, 1층 (재동)','스파다','경양식'),(792,'서울특별시 종로구 종로5길 13, 삼공빌딩 비1층 (청진동)','달리181 광화문점 별관','경양식'),(793,'서울특별시 종로구 종로5길 13, 삼공빌딩 지하1층 (청진동)','달리181 광화문점','경양식'),(794,'서울특별시 종로구 북촌로2길 12-4 (재동)','수왕','경양식'),(795,'서울특별시 종로구 평창문화로 136, 킴스관광호텔 (평창동)','한상훈 셰프','경양식'),(796,'서울특별시 종로구 자하문로7길 36, 1층 (통인동)','퀴진 라끌레(Cuisine La cle)','경양식'),(797,'서울특별시 종로구 대학로 132 (동숭동,지하1층)','잃어버린도시마야','경양식'),(798,'서울특별시 종로구 창경궁로 235 (명륜4가)','한잔할청춘아','경양식'),(799,'서울특별시 종로구 경희궁1길 10-1, 1~2층 (신문로2가)','조우(Jo Woo)','경양식'),(800,'서울특별시 종로구 자하문로7길 36, 지하1층 (통인동)','예은','경양식'),(801,'서울특별시 종로구 수표로 117 (낙원동,지상1층)','김가네','분식'),(802,'서울특별시 종로구 사직로10길 12, 1층 (필운동)','커피투어','카페'),(803,'서울특별시 종로구 통일로 236-1 (무악동,지하1층)','우정','카페'),(804,'서울특별시 종로구 종로 19, 지하2층 209-2호 (종로1가, 르메이에르종로타운1)','크리스탈','카페'),(805,'서울특별시 종로구 새문안로3길 36 (내수동,용비어천가 B110호)','써니','카페'),(806,'서울특별시 종로구 종로32길 7, 2층 (종로5가)','박가네','분식'),(807,'서울특별시 종로구 성균관로3길 20-3 (명륜3가)','우드스탁','분식'),(808,'서울특별시 종로구 새문안로3길 17 (당주동)','서울김밥','분식'),(809,'서울특별시 종로구 새문안로5가길 28 (적선동,광화문플래티넘지하101,102호)','계경목장','분식'),(810,'서울특별시 종로구 종로51가길 2-1 (창신동)','에베레스트','분식'),(811,'서울특별시 종로구 통일로12길 88 (무악동)','전주식당','분식'),(812,'서울특별시 종로구 수표로22길 30, 1층 (돈의동)','올인','분식'),(813,'서울특별시 종로구 보문로9길 3-6 (숭인동,지상1층)','전주식당','분식'),(814,'서울특별시 종로구 대명길 45, 1층 (명륜4가)','김가네','분식'),(815,'서울특별시 종로구 지봉로 11-1 (창신동)','단비','분식'),(816,'서울특별시 종로구 계동길 17 (계동)','우리집','분식'),(817,'서울특별시 종로구 새문안로 38 (신문로2가,스타식스정동빌딩3층2호)','젠','분식'),(818,'서울특별시 종로구 수표로 124, 2층 (낙원동)','한옥갈비','분식'),(819,'서울특별시 종로구 통일로 240 (무악동,지상1층)','피자투어','분식'),(820,'서울특별시 종로구 성균관로 4 (명륜2가)','포보','분식'),(821,'서울특별시 종로구 돈화문로6가길 32 (봉익동)','초이','분식'),(822,'서울특별시 종로구 창경궁로 248 (명륜2가)','아이리스','분식'),(823,'서울특별시 종로구 창경궁로13길 12 (예지동)','두꺼비','분식'),(824,'서울특별시 종로구 대학로11길 38-10 (명륜4가)','포석정','분식'),(825,'서울특별시 종로구 삼일대로32길 43 (운니동)','전주식당','분식'),(826,'서울특별시 종로구 서순라길 89-26 (권농동)','첼로','분식'),(827,'서울특별시 종로구 세종대로23길 54 (당주동,(세종빌딩 지하9호))','아람','분식'),(828,'서울특별시 종로구 삼일대로30길 32, 1층 (익선동)','도모다찌','외국음식전문점(인도,태국등)'),(829,'서울특별시 종로구 율곡로4길 14, 1층 (수송동)','엘 샌드위치(EL Sandwich)','외국음식전문점(인도,태국등)'),(830,'서울특별시 종로구 서순라길 107, 1층 (권농동)','서울집시','외국음식전문점(인도,태국등)'),(831,'서울특별시 종로구 자하문로7길 67-2, 1층 (누하동)','레종데트르','외국음식전문점(인도,태국등)'),(832,'서울특별시 종로구 계동길 11 (계동)','종로수제비','외국음식전문점(인도,태국등)'),(833,'서울특별시 종로구 종로58길 44, 2층 209, 210호 (숭인동, 청계 로벤하임)','가츠몽','일식'),(834,'서울특별시 종로구 서순라길 89-7, 2층 (권농동)','도원','일식'),(835,'서울특별시 종로구 종로 266, 동대문종합시장  B동 6층 10호 (종로6가)','혼다라멘','일식'),(836,'서울특별시 종로구 삼봉로 81, 지상2층 201,202,203호 (수송동, 두산위브파빌리온)','류경회관','일식'),(837,'서울특별시 종로구 청계천로 241-1 (종로5가,지상2층)','키움참치','일식'),(838,'서울특별시 종로구 새문안로5길 19 (당주동,로얄빌딩지하1층64호)','오한수 우육면가','일식'),(839,'서울특별시 종로구 창경궁로26길 38, 1층 (명륜4가)','은행골','일식'),(840,'서울특별시 종로구 사직로8길 24, 1층 101.115호 (내수동)','동감','일식'),(841,'서울특별시 종로구 새문안로5길 37 (도렴동,지1층3호)','송백','일식'),(842,'서울특별시 종로구 대학로10길 20 (동숭동,(지상3층))','티파니','감성주점'),(843,'서울특별시 종로구 대명1길 7, 옥산 지상 3층 (명륜4가)','뻐꾸기','감성주점'),(844,'서울특별시 종로구 종로39길 2 (종로6가,지하1층)','럭셔리','감성주점'),(845,'서울특별시 종로구 종로 86, 보원빌딩 지상 2층 (종로2가)','마라공방','중국식'),(846,'서울특별시 종로구 종로 19, 르메이에르종로타운1 1층 111-2,112-1호 (종로1가)','마라공방','중국식'),(847,'서울특별시 종로구 종로 309, 2층 (창신동)','나마스테','중국식'),(848,'서울특별시 종로구 삼일대로17길 42-6, 1-4층 (관철동)','경성양꼬치','중국식'),(849,'서울특별시 종로구 청계천로 35, 지하1층 (서린동, 관정빌딩)','오한수 우육면가','중국식'),(850,'서울특별시 종로구 자하문로 255, 하림각 지하1층 (부암동)','HW컨벤션센터','중국식'),(851,'서울특별시 종로구 명륜길 31 (명륜3가)','북경반점','중국식'),(852,'서울특별시 종로구 자하문로1가길 13, 지상1층 (체부동)','순이네','한식'),(853,'서울특별시 종로구 지봉로 91, 지상1층 (창신동)','썬더치킨','호프/통닭'),(854,'서울특별시 종로구 율곡로14길 50, 지상1층 (효제동)','서울식당','한식'),(855,'서울특별시 종로구 종로 252-18, 지상1층 (종로5가)','진할매 원조닭집','한식'),(856,'서울특별시 종로구 종로 62, 1층 (종로2가)','30년 불멸의 닭발','한식'),(857,'서울특별시 종로구 새문안로5길 10, 1층 (당주동)','여름','한식'),(858,'서울특별시 종로구 종로 183, 효성주얼리시티 지하2층 F2011호 (인의동)','다모아','한식'),(859,'서울특별시 종로구 경희궁길 4, 목영빌딩 2층 (신문로1가)','파랑새','한식'),(860,'서울특별시 종로구 사직로8길 4, 제301동 제지하1층 제B113-7호 (사직동, 광화문 스페이스본)','오늘','한식'),(861,'서울특별시 종로구 평창문화로 84, 전진빌딩 2층 (평창동)','두레유','한식'),(862,'서울특별시 종로구 율곡로6길 26-12, 2층 202호 (운니동)','윤주당','한식'),(863,'서울특별시 종로구 종로32길 2, 1층 114호 (종로4가)','순희네빈대떡','한식'),(864,'서울특별시 종로구 돈화문로11나길 16, 이씨엠빌딩 1층 (익선동)','달랭이','한식'),(865,'서울특별시 종로구 새문안로3길 36, 지하1층 B115호 (내수동, 용비어천가)','카우보이','한식'),(866,'서울특별시 종로구 인사동16길 3-7, 1층 (관훈동)','죽마고우','한식'),(867,'서울특별시 종로구 성균관로5길 29, 1층 (명륜3가)','뜸들이다','한식'),(868,'서울특별시 종로구 종로 125, 대광빌딩 1,2층 (종로3가)','대륙','한식'),(869,'서울특별시 종로구 삼일대로15길 22, 지하1층 (관철동)','오바','한식'),(870,'서울특별시 종로구 새문안로5길 11, 3층 (당주동)','광화문연가','한식'),(871,'서울특별시 종로구 종로 384, 2층 (숭인동)','마실','한식'),(872,'서울특별시 종로구 평창문화로 98, 1층 (평창동)','더코너키친','한식'),(873,'서울특별시 종로구 수표로 124, 지하1층 (낙원동)','써니','한식'),(874,'서울특별시 종로구 성균관로 31, 지상1층 (명륜3가)','명륜진사갈비','한식'),(875,'서울특별시 종로구 북촌로 65, 1.2층 (가회동)','두레유','한식'),(876,'서울특별시 종로구 동숭길 63 (동숭동,지상2층)','두두','한식'),(877,'서울특별시 종로구 자하문로1길 6, 1층 (체부동)','달랭이','한식'),(878,'서울특별시 종로구 인사동4길 5-26 (인사동,(지상2층))','툇마루','한식'),(879,'서울특별시 종로구 성균관로 30 (명륜2가)','피자헤븐 종로 성대점','한식'),(880,'서울특별시 종로구 종로 384 (숭인동)','마실','한식'),(881,'서울특별시 종로구 율곡로8길 39 (와룡동)','금강식당','한식'),(882,'서울특별시 종로구 돈화문로11나길 3 (돈의동,(2층))','마포숯불갈비','한식'),(883,'서울특별시 종로구 종로 252-20, 1층 (종로5가)','진할매 원조닭집','한식'),(884,'서울특별시 종로구 삼일대로30길 42, 1층 (익선동)','소담','한식'),(885,'서울특별시 종로구 대학로11길 43, 지하1층 (명륜4가)','브롱스','한식'),(886,'서울특별시 종로구 종로5길 32-12, 1층 (청진동)','태성골뱅이 신사','한식'),(887,'서울특별시 종로구 동호로 403-5, 1층 (종로5가)','호남집','한식'),(888,'서울특별시 종로구 대학로7길 3, 2층 (연건동)','본죽','한식'),(889,'서울특별시 종로구 종로5길 34-3, 지상2,3층 (청진동)','소담','한식'),(890,'서울특별시 종로구 수표로22길 27, 지상1층 (돈의동)','사랑방','한식'),(891,'서울특별시 종로구 종로57길 9 (숭인동,(지상1층))','행복한 밥상','한식'),(892,'서울특별시 종로구 종로5길 76 (수송동)','김명자굴국밥전문점','한식'),(893,'서울특별시 종로구 종로33길 4 (종로5가)','일품양평해장국','한식'),(894,'서울특별시 종로구 종로31길 8-6 (종로5가)','종각상회','한식'),(895,'서울특별시 종로구 삼일대로15길 13, 지하1층 (관철동)','제이','한식'),(896,'서울특별시 종로구 삼일대로32길 55-4, 1층 (운니동)','목포집','한식'),(897,'서울특별시 종로구 보문로7길 4-8 (숭인동)','우정식당','한식'),(898,'서울특별시 종로구 인사동5길 38 (관훈동,(지하 1층))','경복궁','한식'),(899,'서울특별시 종로구 종로41길 32-4 (종로6가)','도원','한식'),(900,'서울특별시 종로구 창경궁로20길 12-4 (원남동,(지하1층))','예원','한식'),(901,'서울특별시 종로구 종로5길 32-22 (청진동,1층)','태성골뱅이 신사','한식'),(902,'서울특별시 종로구 대학로1길 34-16 (연지동,1층)','올인','한식'),(903,'서울특별시 종로구 종로31길 46-2 (연지동,(지상1층))','골목집','한식'),(904,'서울특별시 종로구 세종대로23길 54 (당주동,세종빌딩 지하 117호)','야미','한식'),(905,'서울특별시 종로구 종로1길 57, 2층 (중학동)','명동칼국수','한식'),(906,'서울특별시 종로구 대명길 17, 지상2층 (명륜4가)','맘스터치','한식'),(907,'서울특별시 종로구 종로 65, 1층 112호 (종로2가)','경복궁','한식'),(908,'서울특별시 종로구 수표로 96, 국일관드림펠리스 1층 (관수동)','메르시(merci)','한식'),(909,'서울특별시 종로구 창경궁로 119, 지상1층 (인의동)','나주곰탕','한식'),(910,'서울특별시 종로구 평창12길 3 (평창동,지상1층)','본죽','한식'),(911,'서울특별시 종로구 우정국로 38-1 (견지동,지상2층)','마라공방','한식'),(912,'서울특별시 종로구 동숭2길 5 (동숭동)','솟대','한식'),(913,'서울특별시 종로구 대학로1길 43 (종로5가,지상1층)','오븐에 빠진 닭','한식'),(914,'서울특별시 종로구 성균관로 12 (명륜2가,집합건물 202호)','천향록','한식'),(915,'서울특별시 종로구 송월길 135 (홍파동,(지상1층))','나무','한식'),(916,'서울특별시 종로구 새문안로3길 36 (내수동,용비어천가 지하106)','코코(CoCo)','한식'),(917,'서울특별시 종로구 청계천로 63 (관철동)','공평식당','한식'),(918,'서울특별시 종로구 종로 114-1, 1층 (종로3가)','나주곰탕','한식'),(919,'서울특별시 종로구 수표로20길 13, 1층 (종로3가)','나주곰탕','한식'),(920,'서울특별시 종로구 창경궁로34길 5 (혜화동)','육쌈냉면','한식'),(921,'서울특별시 종로구 자하문로1길 37, 1층 (필운동)','쉼','한식'),(922,'서울특별시 종로구 종로41나길 6 (종로6가)','골목집','한식'),(923,'서울특별시 종로구 명륜길 17, 1층 (명륜3가)','뽀글 뚝배기 냠냠 비빔밥','한식'),(924,'서울특별시 종로구 종로3길 42, 지상1층 (청진동)','남도식당','한식'),(925,'서울특별시 종로구 인사동11길 5, 1층 (관훈동)','분더바','한식'),(926,'서울특별시 종로구 종로 374-1, 1층 (숭인동)','남도식당','한식'),(927,'서울특별시 종로구 수표로20길 18, 지상1층 (관수동)','명동찌개마을','한식'),(928,'서울특별시 종로구 대학로1길 43 (종로5가,지상1층)','오븐에 빠진 닭','한식'),(929,'서울특별시 종로구 종로 14 (서린동,(지하1층))','송학','한식'),(930,'서울특별시 종로구 삼일대로 401-24 (인사동)','전주식당','한식'),(931,'서울특별시 종로구 수표로20길 18 (관수동,지상1층)','남도식당','한식'),(932,'서울특별시 종로구 우정국로 42-2 (견지동)','만리장성','한식'),(933,'서울특별시 종로구 우정국로 45-24 (수송동)','미락','한식'),(934,'서울특별시 종로구 종로40가길 5 (종로5가)','호남집','한식'),(935,'서울특별시 종로구 종로40가길 11, 1층 (종로5가)','명동칼국수','한식'),(936,'서울특별시 종로구 종로40가길 31-1 (종로5가)','서울식당','한식'),(937,'서울특별시 종로구 돈화문로11가길 25 (익선동)','오죽이네','한식'),(938,'서울특별시 종로구 자하문로 245 (부암동)','하늘','한식'),(939,'서울특별시 종로구 종로40가길 18, 1,2,3층 (종로5가)','진할매 원조닭집','한식'),(940,'서울특별시 종로구 진흥로22길 5 (구기동,(지상1층))','공감','한식'),(941,'서울특별시 종로구 사직로12길 19 (내자동)','사랑방','한식'),(942,'서울특별시 종로구 인사동길 20-19 (낙원동)','죽마고우','한식'),(943,'서울특별시 종로구 통일로 184-16 (홍파동,지상1층)','궁전','한식'),(944,'서울특별시 종로구 종로26길 18, 1층 (장사동)','두꺼비','한식'),(945,'서울특별시 종로구 종로24길 3 (종로3가)','목포집','한식'),(946,'서울특별시 종로구 종로41길 4 (종로6가)','둘둘치킨','한식'),(947,'서울특별시 종로구 대학로7길 5 (연건동)','오가네','한식'),(948,'서울특별시 종로구 우정국로 4-1 (관철동)','전주식당','한식'),(949,'서울특별시 종로구 세검정로 232, 2층 (홍지동)','옥상','한식'),(950,'서울특별시 종로구 종로32길 7 (종로5가)','박가네','한식'),(951,'서울특별시 종로구 돈화문로 39-1 (묘동)','치킨뱅이','한식'),(952,'서울특별시 종로구 종로56길 42-4 (숭인동)','서울식당','한식'),(953,'서울특별시 종로구 세종대로23길 21, 2층 (당주동)','가을','한식'),(954,'서울특별시 종로구 종로5길 38 (청진동)','누나홀닭','한식'),(955,'서울특별시 종로구 자하문로 255, 하림각 2층 (부암동)','HW컨벤션센터','한식'),(956,'서울특별시 종로구 지봉로 18 (숭인동)','나마스테','한식'),(957,'서울특별시 종로구 종로40가길 39-3 (종로5가)','할머니곱창','한식'),(958,'서울특별시 종로구 종로41가길 7 (종로6가)','원조식당','한식'),(959,'서울특별시 종로구 난계로29길 34 (숭인동)','명동칼국수','한식'),(960,'서울특별시 종로구 사직로10길 9-1 (내자동)','지혜','한식'),(961,'서울특별시 종로구 돈화문로 42 (묘동)','옹달샘','한식'),(962,'서울특별시 종로구 종로5길 44 (청진동,지상1층)','은행골','한식'),(963,'서울특별시 종로구 서순라길 43-6 (봉익동)','서울식당','한식'),(964,'서울특별시 종로구 대학로14길 18-3 (혜화동)','행운','한식'),(965,'서울특별시 종로구 자하문로10길 14 (통의동)','정통코다리','한식'),(966,'서울특별시 종로구 우정국로2길 21 (관철동,지상1층)','명불허전 원조골뱅이','한식'),(967,'서울특별시 종로구 사직로8길 5-9 (필운동)','예원','한식'),(968,'서울특별시 종로구 지봉로7길 21 (창신동)','우리집','한식'),(969,'서울특별시 종로구 수표로20길 16-17 (관수동)','전주식당','한식'),(970,'서울특별시 종로구 율곡로6길 28 (운니동,지상1층)','나무','한식'),(971,'서울특별시 종로구 율곡로4길 72 (수송동)','유도리','한식'),(972,'서울특별시 종로구 돈화문로4길 41 (종로3가)','왕벌집','한식'),(973,'서울특별시 종로구 창신8길 8, 제지하3층 제3비01호 (창신동, 동광그린빌라)','상감치킨','호프/통닭'),(974,'서울특별시 종로구 돈화문로11길 41 (낙원동,(지상1층))','만남','호프/통닭'),(975,'서울특별시 종로구 창신길 95-4 (창신동,(지하1층))','러쉬','호프/통닭'),(976,'서울특별시 종로구 창신길 79 (창신동,지하1층)','해랑','호프/통닭'),(977,'서울특별시 종로구 율곡로10길 31 (권농동)','해랑','호프/통닭'),(978,'서울특별시 종로구 종로7길 47 (공평동)','열차집','호프/통닭'),(979,'서울특별시 종로구 통일로 272 (무악동,1층 7호)','싱글','호프/통닭'),(980,'서울특별시 종로구 돈화문로5가길 1 (돈의동,지상9층)','제우스','호프/통닭'),(981,'서울특별시 종로구 보문로 15 (숭인동,지상1층)','카오스','호프/통닭'),(982,'서울특별시 종로구 숭인동길 14 (숭인동,지상2층)','필','호프/통닭'),(983,'서울특별시 종로구 종로 62-1, 2층 (종로2가)','맘스터치','호프/통닭'),(984,'서울특별시 종로구 청계천로 61, 지하1층 (관철동)','아지트','호프/통닭'),(985,'서울특별시 종로구 종로35길 11 (효제동,2층)','궁','호프/통닭'),(986,'서울특별시 종로구 통일로14길 2 (무악동)','썬더치킨','호프/통닭'),(987,'서울특별시 종로구 성균관로5길 9 (명륜3가)','틈','호프/통닭'),(988,'서울특별시 종로구 숭인동길 21, 제나동 제1층 제103호 (숭인동, 종로청계힐스테이트)','썬더치킨','호프/통닭'),(989,'서울특별시 종로구 종로31길 16, 1층 (종로5가)','썬더치킨','호프/통닭'),(990,'서울특별시 종로구 사직로 49-10, 1층 (사직동)','소풍','호프/통닭'),(991,'서울특별시 종로구 종로66길 18 (숭인동)','둘둘치킨','호프/통닭');
/*!40000 ALTER TABLE `jongro_restaurants` ENABLE KEYS */;
UNLOCK TABLES;

--
-- Table structure for table `member`
--

DROP TABLE IF EXISTS `member`;
/*!40101 SET @saved_cs_client     = @@character_set_client */;
/*!50503 SET character_set_client = utf8mb4 */;
CREATE TABLE `member` (
  `member_id` int NOT NULL AUTO_INCREMENT,
  `address` varchar(255) DEFAULT NULL,
  `email` varchar(255) DEFAULT NULL,
  `age` int NOT NULL,
  `gender` tinyint NOT NULL,
  `nickname` varchar(255) DEFAULT NULL,
  `phone` varchar(255) DEFAULT NULL,
  `profile_img` varchar(255) DEFAULT NULL,
  `profile_msg` varchar(255) DEFAULT NULL,
  `provider` varchar(255) DEFAULT NULL,
  `pwd` varchar(255) DEFAULT NULL,
  `sns_id` varchar(255) DEFAULT NULL,
  `zipnum` varchar(255) DEFAULT NULL,
  `birth_date` date DEFAULT NULL,
  `latitude` double DEFAULT NULL,
  `longitude` double DEFAULT NULL,
  `account` int NOT NULL,
  `member_name` varchar(255) DEFAULT NULL,
  `temp` int NOT NULL DEFAULT '37',
  `member_info_id` int DEFAULT NULL,
  `opponent_member_info_id` int DEFAULT NULL,
  PRIMARY KEY (`member_id`),
  UNIQUE KEY `UKdtosu0xko6992osyytbrv01kf` (`member_info_id`),
  UNIQUE KEY `UK8i25k6ssgp2jncq0gkejrpwyg` (`opponent_member_info_id`),
  CONSTRAINT `FK183h3t3hj702inftl640d4amj` FOREIGN KEY (`opponent_member_info_id`) REFERENCES `member_info` (`member_info_id`),
  CONSTRAINT `FKb5pg1b1jg7j8y0w952o57wtkh` FOREIGN KEY (`opponent_member_info_id`) REFERENCES `opponent_member_info` (`opponent_member_info_id`),
  CONSTRAINT `FKpd3sepb0sw3al1deejfqex7mc` FOREIGN KEY (`member_info_id`) REFERENCES `member_info` (`member_info_id`)
) ENGINE=InnoDB AUTO_INCREMENT=90 DEFAULT CHARSET=utf8mb4 COLLATE=utf8mb4_0900_ai_ci;
/*!40101 SET character_set_client = @saved_cs_client */;

--
-- Dumping data for table `member`
--

LOCK TABLES `member` WRITE;
/*!40000 ALTER TABLE `member` DISABLE KEYS */;
INSERT INTO `member` VALUES (1,NULL,'a@a.com',18,0,'캉캉이','010-1111-1111','캉캉이.jpg','캉캉이에요',NULL,'$2a$10$Ysaa4H5luXVGS837fQIUJeG9tPmh4trCajlZ4tI9qYO.oXW5ptA2G',NULL,'11111','2007-05-05',37.571896,126.987163,2,NULL,37,1,1),(2,'Chicago','johnny@nct.com',28,0,'쟈니','010-1111-1111','쟈니.jpg','NCT 127',NULL,'$2a$10$ImH1Cbb0Gt3yB0vk/mmnwug5UY/LKw8jTcQQcTTzk.G1BHXhDN/N.',NULL,'12345','1995-02-09',37.540996,127.059238,0,NULL,37,2,2),(3,'Seoul','taeyong@nct.com',29,0,'태용','010-2222-2222','태용.jpg','Leader of NCT',NULL,'$2a$10$ImH1Cbb0Gt3yB0vk/mmnwug5UY/LKw8jTcQQcTTzk.G1BHXhDN/N.',NULL,'23456','1995-07-01',37.583402,126.943595,0,NULL,37,3,3),(4,'Osaka','yuta@nct.com',28,0,'유타','010-3333-3333','유타.jpg','Osaka Prince',NULL,'$2a$10$ImH1Cbb0Gt3yB0vk/mmnwug5UY/LKw8jTcQQcTTzk.G1BHXhDN/N.',NULL,'34567','1995-10-26',37.507681,127.09517,0,NULL,37,4,4),(5,'Beijing','kun@nct.com',28,0,'쿤','010-4444-4444','쿤.jpg','WayV Leader',NULL,'$2a$10$ImH1Cbb0Gt3yB0vk/mmnwug5UY/LKw8jTcQQcTTzk.G1BHXhDN/N.',NULL,'45678','1996-01-01',37.463317,126.815868,0,NULL,37,5,5),(6,'Seoul','doyoung@nct.com',28,0,'도영','010-5555-5555','도영.jpg','Main Vocal',NULL,'$2a$10$ImH1Cbb0Gt3yB0vk/mmnwug5UY/LKw8jTcQQcTTzk.G1BHXhDN/N.',NULL,'56789','1996-02-01',37.597886,127.14497,0,NULL,37,6,6),(7,'Bangkok','ten@nct.com',28,0,'텐','010-6666-6666','텐.png','Dancer & Vocal',NULL,'$2a$10$ImH1Cbb0Gt3yB0vk/mmnwug5UY/LKw8jTcQQcTTzk.G1BHXhDN/N.',NULL,'67890','1996-02-27',37.593991,126.811612,0,NULL,37,7,7),(8,'Seoul','jaehyun@nct.com',27,0,'재현','010-7777-7777','재현.jpg','NCT 127',NULL,'$2a$10$ImH1Cbb0Gt3yB0vk/mmnwug5UY/LKw8jTcQQcTTzk.G1BHXhDN/N.',NULL,'78901','1997-02-14',37.492861,126.615892,0,NULL,37,8,8),(9,'Wenzhou','winwin@nct.com',26,0,'윈윈','010-8888-8888','윈윈.jpg','WayV',NULL,'$2a$10$ImH1Cbb0Gt3yB0vk/mmnwug5UY/LKw8jTcQQcTTzk.G1BHXhDN/N.',NULL,'89012','1997-10-28',37.678444,126.597435,0,NULL,37,9,9),(10,'Seoul','jungwoo@nct.com',26,0,'정우','010-9999-9999','정우.jpg','NCT 127',NULL,'$2a$10$ImH1Cbb0Gt3yB0vk/mmnwug5UY/LKw8jTcQQcTTzk.G1BHXhDN/N.',NULL,'90123','1998-02-19',37.674675,126.608242,0,NULL,37,10,10),(11,'Vancouver','mark@nct.com',25,0,'마크','010-1010-1010','마크.jpg','Rapper & Vocal',NULL,'$2a$10$ImH1Cbb0Gt3yB0vk/mmnwug5UY/LKw8jTcQQcTTzk.G1BHXhDN/N.',NULL,'01234','1999-08-02',37.412829,126.979675,0,NULL,37,11,11),(12,'Guangdong','xiaojun@nct.com',25,0,'샤오쥔','010-1212-1212','샤오쥔.jpg','WayV',NULL,'$2a$10$ImH1Cbb0Gt3yB0vk/mmnwug5UY/LKw8jTcQQcTTzk.G1BHXhDN/N.',NULL,'11223','1999-08-08',37.503682,126.939652,0,NULL,37,12,12),(13,'Macau','hendery@nct.com',24,0,'헨드리','010-1313-1313','헨드리.jpg','WayV',NULL,'$2a$10$ImH1Cbb0Gt3yB0vk/mmnwug5UY/LKw8jTcQQcTTzk.G1BHXhDN/N.',NULL,'22334','1999-09-28',37.442502,127.036307,0,NULL,37,13,13),(14,'Jilin','renjun@nct.com',24,0,'런쥔','010-1414-1414','런쥔.jpg','NCT Dream',NULL,'$2a$10$ImH1Cbb0Gt3yB0vk/mmnwug5UY/LKw8jTcQQcTTzk.G1BHXhDN/N.',NULL,'33445','2000-03-23',37.534399,127.132962,0,NULL,37,14,14),(15,'Seoul','jeno@nct.com',24,0,'제노','010-1515-1515','제노.jpg','NCT Dream',NULL,'$2a$10$ImH1Cbb0Gt3yB0vk/mmnwug5UY/LKw8jTcQQcTTzk.G1BHXhDN/N.',NULL,'44556','2000-04-23',37.463064,126.69951,0,NULL,37,15,15),(16,'Seoul','haechan@nct.com',24,0,'해찬','010-1616-1616','해찬.jpg','NCT 127 & Dream',NULL,'$2a$10$ImH1Cbb0Gt3yB0vk/mmnwug5UY/LKw8jTcQQcTTzk.G1BHXhDN/N.',NULL,'55667','2000-06-06',37.648628,126.69403,0,NULL,37,16,16),(17,'Seoul','jaemin@nct.com',24,0,'재민','010-1717-1717','재민.jpg','NCT Dream',NULL,'$2a$10$ImH1Cbb0Gt3yB0vk/mmnwug5UY/LKw8jTcQQcTTzk.G1BHXhDN/N.',NULL,'66778','2000-08-13',37.672352,126.990988,0,NULL,37,17,17),(18,'Taipei','yangyang@nct.com',23,0,'양양','010-1818-1818','양양.png','WayV',NULL,'$2a$10$ImH1Cbb0Gt3yB0vk/mmnwug5UY/LKw8jTcQQcTTzk.G1BHXhDN/N.',NULL,'77889','2000-10-10',37.637034,127.082507,0,NULL,37,18,18),(19,'Shanghai','chenle@nct.com',23,0,'천러','010-1919-1919','천러.png','NCT Dream',NULL,'$2a$10$ImH1Cbb0Gt3yB0vk/mmnwug5UY/LKw8jTcQQcTTzk.G1BHXhDN/N.',NULL,'88990','2001-11-22',37.640484,126.848742,0,NULL,37,19,19),(20,'Seoul','jisung@nct.com',22,0,'지성','010-2020-2020','지성.png','Maknae',NULL,'$2a$10$ImH1Cbb0Gt3yB0vk/mmnwug5UY/LKw8jTcQQcTTzk.G1BHXhDN/N.',NULL,'99001','2002-02-05',37.431888,127.183534,0,NULL,37,20,20),(21,'Seoul','sion@nct.com',20,0,'시온','010-2121-2121','시온.png','New Member',NULL,'$2a$10$ImH1Cbb0Gt3yB0vk/mmnwug5UY/LKw8jTcQQcTTzk.G1BHXhDN/N.',NULL,'11112','2002-05-11',37.581522,126.548473,0,NULL,37,21,21),(22,'Tokyo','riku@nct.com',21,0,'리쿠','010-2222-2323','리쿠.jpg','New Member',NULL,'$2a$10$ImH1Cbb0Gt3yB0vk/mmnwug5UY/LKw8jTcQQcTTzk.G1BHXhDN/N.',NULL,'12123','2003-06-28',37.565921,126.869182,0,NULL,37,22,22),(23,'Osaka','yuushi@nct.com',20,0,'유우시','010-2323-2424','유우시.jpg','New Member',NULL,'$2a$10$ImH1Cbb0Gt3yB0vk/mmnwug5UY/LKw8jTcQQcTTzk.G1BHXhDN/N.',NULL,'13134','2004-04-05',37.698795,126.778206,0,NULL,37,23,23),(24,'Seoul','jaehee@nct.com',21,0,'재희','010-2424-2525','재희.jpg','New Member',NULL,'$2a$10$ImH1Cbb0Gt3yB0vk/mmnwug5UY/LKw8jTcQQcTTzk.G1BHXhDN/N.',NULL,'14145','2005-06-21',37.699821,127.063269,0,NULL,37,24,24),(25,'Fukuoka','ryo@nct.com',20,0,'료','010-2525-2626','료.jpg','New Member',NULL,'$2a$10$ImH1Cbb0Gt3yB0vk/mmnwug5UY/LKw8jTcQQcTTzk.G1BHXhDN/N.',NULL,'15156','2005-08-04',37.411448,126.998258,0,NULL,37,25,25),(26,'Nagoya','sakuya@nct.com',20,0,'사쿠야','010-2626-2727','사쿠야.jpg','New Member',NULL,'$2a$10$ImH1Cbb0Gt3yB0vk/mmnwug5UY/LKw8jTcQQcTTzk.G1BHXhDN/N.',NULL,'16167','2005-11-18',37.547116,126.697476,0,NULL,37,26,26),(27,'Seoul','karina@aespa.com',24,1,'카리나','010-1111-2222','카리나.jpg','Leader & Main Dancer',NULL,'$2a$10$ImH1Cbb0Gt3yB0vk/mmnwug5UY/LKw8jTcQQcTTzk.G1BHXhDN/N.',NULL,'11111','2001-04-11',37.688174,127.167733,0,NULL,37,27,27),(28,'Tokyo','giselle@aespa.com',23,1,'지젤','010-2222-3333','지젤.jpg','Main Rapper',NULL,'$2a$10$ImH1Cbb0Gt3yB0vk/mmnwug5UY/LKw8jTcQQcTTzk.G1BHXhDN/N.',NULL,'22222','2000-10-30',37.667258,126.909643,0,NULL,37,28,28),(29,'Busan','winter@aespa.com',23,1,'윈터','010-3333-4444','윈터.jpg','Lead Vocal & Dancer',NULL,'$2a$10$ImH1Cbb0Gt3yB0vk/mmnwug5UY/LKw8jTcQQcTTzk.G1BHXhDN/N.',NULL,'33333','2001-01-01',37.480329,126.873612,0,NULL,37,29,29),(30,'Harbin','ningning@aespa.com',22,1,'닝닝','010-4444-5555','닝닝.jpg','Main Vocal',NULL,'$2a$10$ImH1Cbb0Gt3yB0vk/mmnwug5UY/LKw8jTcQQcTTzk.G1BHXhDN/N.',NULL,'44444','2002-10-23',37.668935,127.111842,0,NULL,37,30,30),(31,'Seoul','minji@newjeans.com',20,1,'민지','010-5555-6666','민지.jpg','Leader & Vocal',NULL,'$2a$10$ImH1Cbb0Gt3yB0vk/mmnwug5UY/LKw8jTcQQcTTzk.G1BHXhDN/N.',NULL,'55555','2004-05-07',37.606804,127.062498,0,NULL,37,31,31),(32,'Melbourne','hanni@newjeans.com',20,1,'하니','010-6666-7777','하니.jpg','Main Vocal',NULL,'$2a$10$ImH1Cbb0Gt3yB0vk/mmnwug5UY/LKw8jTcQQcTTzk.G1BHXhDN/N.',NULL,'66666','2004-10-06',37.688869,126.780884,0,NULL,37,32,32),(33,'Newcastle','danielle@newjeans.com',19,1,'다니엘','010-7777-8888','다니엘.jpg','Lead Vocal',NULL,'$2a$10$ImH1Cbb0Gt3yB0vk/mmnwug5UY/LKw8jTcQQcTTzk.G1BHXhDN/N.',NULL,'77777','2005-04-11',37.439263,126.774315,0,NULL,37,33,33),(34,'Seoul','haerin@newjeans.com',18,1,'해린','010-8888-9999','해린.jpg','Vocal & Dancer',NULL,'$2a$10$ImH1Cbb0Gt3yB0vk/mmnwug5UY/LKw8jTcQQcTTzk.G1BHXhDN/N.',NULL,'88888','2005-05-15',37.582189,127.084023,0,NULL,37,34,34),(35,'Incheon','hyein@newjeans.com',17,1,'혜인','010-9999-0000','혜인.jpg','Maknae & Vocal',NULL,'$2a$10$ImH1Cbb0Gt3yB0vk/mmnwug5UY/LKw8jTcQQcTTzk.G1BHXhDN/N.',NULL,'99999','2005-04-21',37.512223,126.727597,0,NULL,37,35,35),(36,'Daejeon','yujin@ive.com',22,1,'안유진','010-1111-2222','안유진.jpg','Leader & Vocal',NULL,'$2a$10$ImH1Cbb0Gt3yB0vk/mmnwug5UY/LKw8jTcQQcTTzk.G1BHXhDN/N.',NULL,'11111','2003-09-01',37.560535,126.968133,0,NULL,37,36,36),(37,'Incheon','gaeul@ive.com',21,1,'가을','010-2222-3333','가을.jpg','Main Rapper & Dancer',NULL,'$2a$10$ImH1Cbb0Gt3yB0vk/mmnwug5UY/LKw8jTcQQcTTzk.G1BHXhDN/N.',NULL,'22222','2002-09-24',37.628162,127.046166,0,NULL,37,37,37),(38,'Nagoya','rei@ive.com',20,1,'레이','010-3333-4444','레이.jpg','Rapper & Vocal',NULL,'$2a$10$ImH1Cbb0Gt3yB0vk/mmnwug5UY/LKw8jTcQQcTTzk.G1BHXhDN/N.',NULL,'33333','2004-02-03',37.590264,127.063949,0,NULL,37,38,38),(39,'Seoul','wonyoung@ive.com',20,1,'장원영','010-4444-5555','장원영.jpg','Lead Vocal & Visual',NULL,'$2a$10$ImH1Cbb0Gt3yB0vk/mmnwug5UY/LKw8jTcQQcTTzk.G1BHXhDN/N.',NULL,'44444','2004-08-31',37.445557,126.69954,0,NULL,37,39,39),(40,'Jeju','liz@ive.com',20,1,'리즈','010-5555-6666','리즈.jpg','Main Vocal',NULL,'$2a$10$ImH1Cbb0Gt3yB0vk/mmnwug5UY/LKw8jTcQQcTTzk.G1BHXhDN/N.',NULL,'55555','2004-11-21',37.405213,126.615727,0,NULL,37,40,40),(41,'Seoul','leeseo@ive.com',18,1,'이서','010-6666-7777','이서.jpg','Maknae & Vocal',NULL,'$2a$10$ImH1Cbb0Gt3yB0vk/mmnwug5UY/LKw8jTcQQcTTzk.G1BHXhDN/N.',NULL,'66666','2005-02-21',37.64504,126.90295,0,NULL,37,41,41),(42,'Seoul','b',18,1,'캉순이','010-1111-1111','캉순이.jpg','캉순이에여',NULL,'$2a$10$ImH1Cbb0Gt3yB0vk/mmnwug5UY/LKw8jTcQQcTTzk.G1BHXhDN/N.',NULL,'77777','2005-06-06',37.532833,126.814513,0,NULL,37,42,42),(43,'Seoul','youngbin@sf9.com',31,0,'영빈','010-1993-1123','sf9_youngbin.jpg','SF9',NULL,'$2a$10$ImH1Cbb0Gt3yB0vk/mmnwug5UY/LKw8jTcQQcTTzk.G1BHXhDN/N.',NULL,'88888','1993-11-23',37.682471,126.749192,0,NULL,37,43,43),(44,'Seoul','inseong@sf9.com',31,0,'인성','010-1993-0712','sf9_inseong.jpg','SF9',NULL,'$2a$10$ImH1Cbb0Gt3yB0vk/mmnwug5UY/LKw8jTcQQcTTzk.G1BHXhDN/N.',NULL,'99999','1993-07-12',37.687451,127.004036,0,NULL,37,44,44),(45,'Seoul','jaeyoon@sf9.com',30,0,'재윤','010-1994-0809','sf9_jaeyoon.jpg','SF9',NULL,'$2a$10$ImH1Cbb0Gt3yB0vk/mmnwug5UY/LKw8jTcQQcTTzk.G1BHXhDN/N.',NULL,'11111','1994-08-09',37.619324,126.833951,0,NULL,37,45,45),(46,'Seoul','dawon@sf9.com',29,0,'다원','010-1995-0724','sf9_dawon.jpg','SF9',NULL,'$2a$10$ImH1Cbb0Gt3yB0vk/mmnwug5UY/LKw8jTcQQcTTzk.G1BHXhDN/N.',NULL,'22222','1994-07-24',37.464097,126.908756,0,NULL,37,46,46),(47,'Seoul','jooho@sf9.com',28,0,'주호','010-1996-0704','sf9_jooho.jpg','SF9',NULL,'$2a$10$ImH1Cbb0Gt3yB0vk/mmnwug5UY/LKw8jTcQQcTTzk.G1BHXhDN/N.',NULL,'33333','1994-07-04',37.495934,127.060796,0,NULL,37,47,47),(48,'Seoul','taeyang@sf9.com',27,0,'유태양','010-1997-0228','sf9_taeyang.jpg','SF9',NULL,'$2a$10$ImH1Cbb0Gt3yB0vk/mmnwug5UY/LKw8jTcQQcTTzk.G1BHXhDN/N.',NULL,'44444','1997-02-28',37.42588,127.176324,0,NULL,37,48,48),(49,'Seoul','hwiyoung@sf9.com',25,0,'휘영','010-1999-0511','sf9_hwiyoung.jpg','SF9',NULL,'$2a$10$ImH1Cbb0Gt3yB0vk/mmnwug5UY/LKw8jTcQQcTTzk.G1BHXhDN/N.',NULL,'55555','1999-05-11',37.584303,126.602994,0,NULL,37,49,49),(50,'Seoul','chanhee@sf9.com',25,0,'찬희','010-2000-0117','sf9_chanhee.jpg','SF9',NULL,'$2a$10$ImH1Cbb0Gt3yB0vk/mmnwug5UY/LKw8jTcQQcTTzk.G1BHXhDN/N.',NULL,'66666','2000-01-17',37.672848,126.56996,0,NULL,37,50,50),(51,'Seoul','jin@bts.com',32,0,'진','010-1992-1204','bts_jin.jpg','BTS',NULL,'$2a$10$ImH1Cbb0Gt3yB0vk/mmnwug5UY/LKw8jTcQQcTTzk.G1BHXhDN/N.',NULL,'77777','1992-12-04',37.633373,126.902299,0,NULL,37,51,51),(52,'Seoul','jhope@bts.com',31,0,'제이홉','010-1994-0218','bts_jhope.jpg','BTS',NULL,'$2a$10$ImH1Cbb0Gt3yB0vk/mmnwug5UY/LKw8jTcQQcTTzk.G1BHXhDN/N.',NULL,'88888','1994-02-18',37.566457,126.514046,0,NULL,37,52,52),(53,'Seoul','rm@bts.com',30,0,'RM','010-1994-0912','bts_rm.jpg','BTS',NULL,'$2a$10$ImH1Cbb0Gt3yB0vk/mmnwug5UY/LKw8jTcQQcTTzk.G1BHXhDN/N.',NULL,'99999','1994-09-12',37.538326,126.646179,0,NULL,37,53,53),(54,'Seoul','jimin@bts.com',29,0,'지민','010-1995-1013','bts_jimin.jpg','BTS',NULL,'$2a$10$ImH1Cbb0Gt3yB0vk/mmnwug5UY/LKw8jTcQQcTTzk.G1BHXhDN/N.',NULL,'11111','1995-10-13',37.606085,127.050986,0,NULL,37,54,54),(55,'Seoul','v@bts.com',29,0,'뷔','010-1995-1230','bts_v.jpg','BTS',NULL,'$2a$10$ImH1Cbb0Gt3yB0vk/mmnwug5UY/LKw8jTcQQcTTzk.G1BHXhDN/N.',NULL,'22222','1995-12-30',37.666686,126.553126,0,NULL,37,55,55),(56,'Seoul','jungkook@bts.com',27,0,'정국','010-1997-0901','bts_jungkook.jpg','BTS',NULL,'$2a$10$ImH1Cbb0Gt3yB0vk/mmnwug5UY/LKw8jTcQQcTTzk.G1BHXhDN/N.',NULL,'33333','1997-09-01',37.616267,126.750529,0,NULL,37,56,56),(57,'Yokohama','shotaro@riize.com',24,0,'쇼타로','010-2000-1125','riize_shotaro.jpg','RIIZE',NULL,'$2a$10$ImH1Cbb0Gt3yB0vk/mmnwug5UY/LKw8jTcQQcTTzk.G1BHXhDN/N.',NULL,'44444','2000-11-25',37.592889,126.581904,0,NULL,37,57,57),(58,'Seoul','eunseok@riize.com',23,0,'은석','010-2001-0319','riize_eunseok.jpg','RIIZE',NULL,'$2a$10$ImH1Cbb0Gt3yB0vk/mmnwug5UY/LKw8jTcQQcTTzk.G1BHXhDN/N.',NULL,'55555','2001-03-19',37.6025,126.501418,0,NULL,37,58,58),(59,'Seoul','sungchan@riize.com',23,0,'성찬','010-2001-0913','riize_sungchan.jpg','RIIZE',NULL,'$2a$10$ImH1Cbb0Gt3yB0vk/mmnwug5UY/LKw8jTcQQcTTzk.G1BHXhDN/N.',NULL,'66666','2001-09-13',37.699497,127.189804,0,NULL,37,59,59),(60,'Seoul','wonbin@riize.com',22,0,'원빈','010-2002-0302','riize_wonbin.jpg','RIIZE',NULL,'$2a$10$ImH1Cbb0Gt3yB0vk/mmnwug5UY/LKw8jTcQQcTTzk.G1BHXhDN/N.',NULL,'77777','2002-03-02',37.67995,126.993515,0,NULL,37,60,60),(61,'Seoul','sohee@riize.com',21,0,'소희','010-2003-1121','riize_sohee.jpg','RIIZE',NULL,'$2a$10$ImH1Cbb0Gt3yB0vk/mmnwug5UY/LKw8jTcQQcTTzk.G1BHXhDN/N.',NULL,'88888','2003-11-21',37.619581,126.868555,0,NULL,37,61,61),(62,'Boston','anton@riize.com',20,0,'앤톤','010-2004-0321','riize_anton.jpg','RIIZE',NULL,'$2a$10$ImH1Cbb0Gt3yB0vk/mmnwug5UY/LKw8jTcQQcTTzk.G1BHXhDN/N.',NULL,'99999','2004-03-21',37.536487,126.9609,0,NULL,37,62,62),(63,'Seoul','s1@triples.com',21,1,'윤서연','010-2003-0806','triples_s1.jpg','TripleS',NULL,'$2a$10$ImH1Cbb0Gt3yB0vk/mmnwug5UY/LKw8jTcQQcTTzk.G1BHXhDN/N.',NULL,'11111','2003-08-06',37.685015,127.040111,0,NULL,37,63,63),(64,'Seoul','s2@triples.com',17,1,'정혜린','010-2005-0412','triples_s2.jpg','TripleS',NULL,'$2a$10$ImH1Cbb0Gt3yB0vk/mmnwug5UY/LKw8jTcQQcTTzk.G1BHXhDN/N.',NULL,'22222','2005-04-12',37.406905,127.014012,0,NULL,37,64,64),(65,'Seoul','s3@triples.com',19,1,'이지우','010-2005-1024','triples_s3.jpg','TripleS',NULL,'$2a$10$ImH1Cbb0Gt3yB0vk/mmnwug5UY/LKw8jTcQQcTTzk.G1BHXhDN/N.',NULL,'33333','2005-10-24',37.594054,126.505221,0,NULL,37,65,65),(66,'Seoul','s4@triples.com',20,1,'김채연','010-2004-1204','triples_s4.jpg','TripleS',NULL,'$2a$10$ImH1Cbb0Gt3yB0vk/mmnwug5UY/LKw8jTcQQcTTzk.G1BHXhDN/N.',NULL,'44444','2004-12-04',37.436877,126.873088,0,NULL,37,66,66),(67,'Seoul','s5@triples.com',24,1,'김유연','010-2001-0209','triples_s5.jpg','TripleS',NULL,'$2a$10$ImH1Cbb0Gt3yB0vk/mmnwug5UY/LKw8jTcQQcTTzk.G1BHXhDN/N.',NULL,'55555','2001-02-09',37.502183,126.541687,0,NULL,37,67,67),(68,'Seoul','s6@triples.com',17,1,'김수민','010-2005-1003','triples_s6.jpg','TripleS',NULL,'$2a$10$ImH1Cbb0Gt3yB0vk/mmnwug5UY/LKw8jTcQQcTTzk.G1BHXhDN/N.',NULL,'66666','2005-10-03',37.493588,126.734259,0,NULL,37,68,68),(69,'Seoul','s7@triples.com',22,1,'김나경','010-2002-1013','triples_s7.jpg','TripleS',NULL,'$2a$10$ImH1Cbb0Gt3yB0vk/mmnwug5UY/LKw8jTcQQcTTzk.G1BHXhDN/N.',NULL,'77777','2002-10-13',37.630527,127.075745,0,NULL,37,69,69),(70,'Seoul','s8@triples.com',20,1,'공유빈','010-2005-0203','triples_s8.jpg','TripleS',NULL,'$2a$10$ImH1Cbb0Gt3yB0vk/mmnwug5UY/LKw8jTcQQcTTzk.G1BHXhDN/N.',NULL,'88888','2005-02-03',37.64571,126.930826,0,NULL,37,70,70),(71,'Toyama','s9@triples.com',19,1,'카에데','010-2005-1220','triples_s9.jpg','TripleS',NULL,'$2a$10$ImH1Cbb0Gt3yB0vk/mmnwug5UY/LKw8jTcQQcTTzk.G1BHXhDN/N.',NULL,'99999','2005-12-20',37.589759,126.703995,0,NULL,37,71,71),(72,'Seoul','s10@triples.com',22,1,'서다현','010-2003-0108','triples_s10.jpg','TripleS',NULL,'$2a$10$ImH1Cbb0Gt3yB0vk/mmnwug5UY/LKw8jTcQQcTTzk.G1BHXhDN/N.',NULL,'11111','2003-01-08',37.574026,127.198459,0,NULL,37,72,72),(73,'Tokyo','s11@triples.com',20,1,'코토네','010-2004-010','triples_s11.jpg','TripleS',NULL,'$2a$10$ImH1Cbb0Gt3yB0vk/mmnwug5UY/LKw8jTcQQcTTzk.G1BHXhDN/N.',NULL,'22222','2004-03-10',37.482663,126.734763,0,NULL,38,73,73),(74,'Seoul','s12@triples.com',17,1,'곽연지','010-2005-0108','triples_s12.jpg','TripleS',NULL,'$2a$10$ImH1Cbb0Gt3yB0vk/mmnwug5UY/LKw8jTcQQcTTzk.G1BHXhDN/N.',NULL,'33333','2005-01-08',37.664366,126.774366,0,NULL,37,74,74),(75,'Taipei','s13@triples.com',21,1,'니엔','010-2003-0602','triples_s13.jpg','TripleS',NULL,'$2a$10$ImH1Cbb0Gt3yB0vk/mmnwug5UY/LKw8jTcQQcTTzk.G1BHXhDN/N.',NULL,'44444','2003-06-02',37.498989,126.80008,0,NULL,37,75,75),(76,'Seoul','s14@triples.com',22,1,'박소현','010-2002-1013','triples_s14.jpg','TripleS',NULL,'$2a$10$ImH1Cbb0Gt3yB0vk/mmnwug5UY/LKw8jTcQQcTTzk.G1BHXhDN/N.',NULL,'55555','2002-10-13',37.45749,126.932238,0,NULL,37,76,76),(77,'Beijing','s15@triples.com',22,1,'신위','010-2002-0525','triples_s15.jpg','TripleS',NULL,'$2a$10$ImH1Cbb0Gt3yB0vk/mmnwug5UY/LKw8jTcQQcTTzk.G1BHXhDN/N.',NULL,'66666','2002-05-25',37.565406,127.111804,0,NULL,37,77,77),(78,'Gunma','s16@triples.com',22,1,'마유','010-2002-0512','triples_s16.jpg','TripleS',NULL,'$2a$10$ImH1Cbb0Gt3yB0vk/mmnwug5UY/LKw8jTcQQcTTzk.G1BHXhDN/N.',NULL,'77777','2002-05-12',37.62131,126.534129,0,NULL,37,78,78),(79,'Tokyo','s17@triples.com',18,1,'린','010-2005-0412','triples_s17.jpg','TripleS',NULL,'$2a$10$ImH1Cbb0Gt3yB0vk/mmnwug5UY/LKw8jTcQQcTTzk.G1BHXhDN/N.',NULL,'88888','2005-04-12',37.416229,126.542215,0,NULL,37,79,79),(80,'Seoul','s18@triples.com',16,1,'주빈','010-2005-0106','triples_s18.jpg','TripleS',NULL,'$2a$10$ImH1Cbb0Gt3yB0vk/mmnwug5UY/LKw8jTcQQcTTzk.G1BHXhDN/N.',NULL,'99999','2005-01-16',37.456567,126.994923,0,NULL,37,80,80),(81,'Seoul','s19@triples.com',17,1,'정하연','010-2005-0801','triples_s19.jpg','TripleS',NULL,'$2a$10$ImH1Cbb0Gt3yB0vk/mmnwug5UY/LKw8jTcQQcTTzk.G1BHXhDN/N.',NULL,'11111','2005-08-01',37.404707,127.123595,0,NULL,37,81,81),(82,'Seoul','s20@triples.com',18,1,'박시온','010-2005-040','triples_s20.jpg','TripleS',NULL,'$2a$10$ImH1Cbb0Gt3yB0vk/mmnwug5UY/LKw8jTcQQcTTzk.G1BHXhDN/N.',NULL,'22222','2005-04-03',37.536336,126.894,0,NULL,37,82,82),(83,'Seoul','s21@triples.com',17,1,'김채원','010-2005-0502','triples_s21.jpg','TripleS',NULL,'$2a$10$ImH1Cbb0Gt3yB0vk/mmnwug5UY/LKw8jTcQQcTTzk.G1BHXhDN/N.',NULL,'33333','2005-05-02',37.544021,126.973654,0,NULL,37,83,83),(84,'Seoul','s22@triples.com',18,1,'설린','010-2005-1130','triples_s22.jpg','TripleS',NULL,'$2a$10$ImH1Cbb0Gt3yB0vk/mmnwug5UY/LKw8jTcQQcTTzk.G1BHXhDN/N.',NULL,'44444','2005-11-30',37.689376,127.05342,0,NULL,37,84,84),(85,'Seoul','s23@triples.com',14,1,'서아','010-2005-0611','triples_s23.jpg','TripleS',NULL,'$2a$10$ImH1Cbb0Gt3yB0vk/mmnwug5UY/LKw8jTcQQcTTzk.G1BHXhDN/N.',NULL,'55555','2005-06-11',37.421959,127.15209,0,NULL,37,85,85),(86,'Seoul','s24@triples.com',21,1,'지연','010-2004-0213','triples_s24.jpg','TripleS',NULL,'$2a$10$ImH1Cbb0Gt3yB0vk/mmnwug5UY/LKw8jTcQQcTTzk.G1BHXhDN/N.',NULL,'66666','2004-02-13',37.544828,126.908928,0,NULL,37,86,86),(88,NULL,'3931016965',0,0,'.',NULL,NULL,NULL,'kakao','$2a$10$ImH1Cbb0Gt3yB0vk/mmnwug5UY/LKw8jTcQQcTTzk.G1BHXhDN/N.','3931016965',NULL,NULL,NULL,NULL,0,NULL,37,88,88),(89,NULL,'enghd00@naver.com',34,0,'권두홍','01082497531','21740299591993.jpg','119/1401호',NULL,'$2a$10$ImH1Cbb0Gt3yB0vk/mmnwug5UY/LKw8jTcQQcTTzk.G1BHXhDN/N.',NULL,'04701','1990-07-16',37.5666029325047,127.024082467223,0,'권두홍',37,89,89);
/*!40000 ALTER TABLE `member` ENABLE KEYS */;
UNLOCK TABLES;

--
-- Table structure for table `member_hobby`
--

DROP TABLE IF EXISTS `member_hobby`;
/*!40101 SET @saved_cs_client     = @@character_set_client */;
/*!50503 SET character_set_client = utf8mb4 */;
CREATE TABLE `member_hobby` (
  `member_info_id` int NOT NULL,
  `hobby_id` int NOT NULL,
  KEY `FKqgt6l199wnvg2940e80wvy1pg` (`hobby_id`),
  KEY `FKjkmjnxykt01c49evebhd618ln` (`member_info_id`),
  CONSTRAINT `FKjkmjnxykt01c49evebhd618ln` FOREIGN KEY (`member_info_id`) REFERENCES `member_info` (`member_info_id`),
  CONSTRAINT `FKqgt6l199wnvg2940e80wvy1pg` FOREIGN KEY (`hobby_id`) REFERENCES `hobby` (`hobby_id`)
) ENGINE=InnoDB DEFAULT CHARSET=utf8mb4 COLLATE=utf8mb4_0900_ai_ci;
/*!40101 SET character_set_client = @saved_cs_client */;

--
-- Dumping data for table `member_hobby`
--

LOCK TABLES `member_hobby` WRITE;
/*!40000 ALTER TABLE `member_hobby` DISABLE KEYS */;
/*!40000 ALTER TABLE `member_hobby` ENABLE KEYS */;
UNLOCK TABLES;

--
-- Table structure for table `member_info`
--

DROP TABLE IF EXISTS `member_info`;
/*!40101 SET @saved_cs_client     = @@character_set_client */;
/*!50503 SET character_set_client = utf8mb4 */;
CREATE TABLE `member_info` (
  `member_info_id` int NOT NULL AUTO_INCREMENT,
  `ei` tinyint DEFAULT NULL,
  `ns` tinyint DEFAULT NULL,
  `tf` tinyint DEFAULT NULL,
  `jp` tinyint DEFAULT NULL,
  `smoke` tinyint DEFAULT NULL,
  `alcohol` int NOT NULL,
  `date` int NOT NULL,
  `speed` int NOT NULL,
  `workout` int NOT NULL,
  PRIMARY KEY (`member_info_id`)
) ENGINE=InnoDB AUTO_INCREMENT=90 DEFAULT CHARSET=utf8mb4 COLLATE=utf8mb4_0900_ai_ci;
/*!40101 SET character_set_client = @saved_cs_client */;

--
-- Dumping data for table `member_info`
--

LOCK TABLES `member_info` WRITE;
/*!40000 ALTER TABLE `member_info` DISABLE KEYS */;
INSERT INTO `member_info` VALUES (1,1,1,0,0,0,4,4,1,4),(2,0,1,0,0,0,5,2,2,2),(3,1,0,1,1,0,1,1,1,3),(4,0,0,0,1,0,2,5,4,4),(5,1,1,0,0,0,4,1,5,3),(6,0,1,0,0,0,1,1,5,3),(7,0,0,0,1,0,5,3,1,4),(8,0,0,0,1,0,3,3,3,1),(9,0,0,1,0,0,1,1,1,5),(10,0,0,0,1,0,4,4,3,2),(11,1,0,1,0,0,3,5,3,3),(12,0,0,1,0,0,5,5,1,1),(13,0,0,0,0,0,5,5,2,3),(14,0,0,1,1,0,3,1,4,1),(15,0,1,1,1,0,3,2,1,3),(16,0,0,0,0,0,3,5,5,5),(17,0,1,0,0,0,3,2,5,3),(18,0,1,0,0,0,4,5,3,3),(19,0,1,0,0,0,1,2,4,5),(20,1,1,0,1,0,4,5,5,5),(21,0,1,0,1,0,5,3,1,5),(22,1,0,1,0,0,3,4,5,4),(23,0,0,1,1,0,4,3,1,2),(24,1,1,0,1,0,1,4,2,5),(25,0,0,0,0,0,2,3,2,2),(26,1,0,0,0,0,2,1,3,1),(27,1,1,0,1,0,5,3,4,4),(28,1,1,1,1,0,2,2,1,3),(29,1,1,0,0,0,1,3,3,3),(30,1,1,0,0,0,5,5,3,2),(31,1,0,1,1,0,5,3,3,3),(32,1,1,1,0,0,5,5,1,2),(33,0,0,0,0,0,4,2,2,5),(34,1,1,0,0,0,3,5,3,2),(35,0,1,1,1,0,5,1,2,1),(36,0,0,1,0,0,2,4,2,2),(37,0,1,1,0,0,3,5,5,3),(38,1,1,0,0,0,5,4,2,3),(39,1,0,0,0,0,4,5,3,5),(40,0,0,0,1,0,4,4,1,5),(41,1,0,1,0,0,5,5,4,1),(42,0,1,1,1,0,3,4,3,4),(43,0,1,0,1,0,2,2,2,1),(44,1,0,1,1,0,2,3,3,2),(45,0,1,0,1,0,2,1,4,4),(46,1,0,0,0,0,4,5,2,1),(47,1,1,1,1,0,3,3,4,1),(48,0,0,1,1,0,4,5,2,4),(49,1,0,0,1,0,3,3,3,3),(50,1,0,1,0,0,2,5,4,1),(51,0,0,1,1,0,5,1,4,1),(52,1,0,1,1,0,5,2,4,4),(53,1,0,0,0,0,3,1,5,2),(54,0,1,0,0,0,1,2,2,3),(55,1,1,0,1,0,2,2,3,4),(56,0,1,1,0,0,5,4,3,4),(57,0,0,1,0,0,4,5,5,1),(58,1,1,1,1,0,2,2,1,2),(59,0,1,1,1,0,5,3,2,4),(60,0,1,0,1,0,2,4,4,1),(61,1,0,1,1,0,4,2,3,1),(62,1,0,1,0,0,2,5,5,5),(63,0,0,1,1,0,4,4,2,4),(64,0,0,0,1,0,1,5,1,3),(65,0,1,0,1,0,5,4,3,3),(66,0,0,0,1,0,5,4,5,1),(67,0,1,1,1,0,2,1,3,1),(68,0,1,0,0,0,5,1,1,2),(69,0,1,1,0,0,2,2,2,5),(70,0,0,1,1,0,5,5,5,4),(71,1,0,0,0,0,3,4,4,2),(72,1,0,0,0,0,2,1,3,5),(73,0,0,1,1,0,2,5,3,4),(74,0,0,0,0,0,5,3,4,4),(75,1,1,1,0,0,3,1,3,2),(76,0,0,1,1,0,3,4,2,5),(77,0,1,0,1,0,1,1,3,4),(78,0,1,0,0,0,5,4,3,2),(79,1,1,0,0,0,4,2,4,2),(80,0,0,0,1,0,4,2,1,2),(81,1,0,1,1,0,4,2,5,2),(82,0,0,0,0,0,2,2,1,5),(83,0,0,0,1,0,3,4,4,4),(84,1,1,1,1,0,4,1,2,4),(85,0,1,0,1,0,1,2,3,4),(86,0,0,0,0,0,5,1,1,1),(88,0,0,0,0,0,2,3,1,2),(89,1,1,0,0,0,1,3,3,4);
/*!40000 ALTER TABLE `member_info` ENABLE KEYS */;
UNLOCK TABLES;

--
-- Table structure for table `member_likes`
--

DROP TABLE IF EXISTS `member_likes`;
/*!40101 SET @saved_cs_client     = @@character_set_client */;
/*!50503 SET character_set_client = utf8mb4 */;
CREATE TABLE `member_likes` (
  `member_likes_id` int NOT NULL AUTO_INCREMENT,
  `liked` int NOT NULL,
  `liker` int NOT NULL,
  PRIMARY KEY (`member_likes_id`)
) ENGINE=InnoDB AUTO_INCREMENT=31 DEFAULT CHARSET=utf8mb4 COLLATE=utf8mb4_0900_ai_ci;
/*!40101 SET character_set_client = @saved_cs_client */;

--
-- Dumping data for table `member_likes`
--

LOCK TABLES `member_likes` WRITE;
/*!40000 ALTER TABLE `member_likes` DISABLE KEYS */;
INSERT INTO `member_likes` VALUES (11,42,1),(12,1,42),(14,34,1),(15,1,41),(16,1,40),(17,40,1),(29,1,38),(30,38,1);
/*!40000 ALTER TABLE `member_likes` ENABLE KEYS */;
UNLOCK TABLES;

--
-- Table structure for table `member_member_role_list`
--

DROP TABLE IF EXISTS `member_member_role_list`;
/*!40101 SET @saved_cs_client     = @@character_set_client */;
/*!50503 SET character_set_client = utf8mb4 */;
CREATE TABLE `member_member_role_list` (
  `member_member_id` int NOT NULL,
  `member_role_list` tinyint DEFAULT NULL,
  KEY `FKnjkpfkm2akst91klvj5tsn18c` (`member_member_id`),
  CONSTRAINT `FKnjkpfkm2akst91klvj5tsn18c` FOREIGN KEY (`member_member_id`) REFERENCES `member` (`member_id`),
  CONSTRAINT `member_member_role_list_chk_1` CHECK ((`member_role_list` between 0 and 2))
) ENGINE=InnoDB DEFAULT CHARSET=utf8mb4 COLLATE=utf8mb4_0900_ai_ci;
/*!40101 SET character_set_client = @saved_cs_client */;

--
-- Dumping data for table `member_member_role_list`
--

LOCK TABLES `member_member_role_list` WRITE;
/*!40000 ALTER TABLE `member_member_role_list` DISABLE KEYS */;
INSERT INTO `member_member_role_list` VALUES (3,0),(4,0),(5,0),(6,0),(7,0),(8,0),(9,0),(10,0),(11,0),(12,0),(13,0),(14,0),(15,0),(16,0),(17,0),(18,0),(19,0),(20,0),(21,0),(22,0),(23,0),(24,0),(25,0),(26,0),(27,0),(28,0),(29,0),(30,0),(31,0),(32,0),(33,0),(34,0),(35,0),(36,0),(37,0),(38,0),(39,0),(40,0),(41,0),(42,0),(43,0),(44,0),(45,0),(46,0),(47,0),(48,0),(49,0),(50,0),(51,0),(52,0),(53,0),(54,0),(55,0),(56,0),(57,0),(58,0),(59,0),(60,0),(61,0),(62,0),(63,0),(64,0),(65,0),(66,0),(67,0),(68,0),(69,0),(70,0),(71,0),(72,0),(73,0),(74,0),(75,0),(76,0),(77,0),(78,0),(79,0),(80,0),(81,0),(82,0),(83,0),(84,0),(85,0),(86,0),(88,0),(89,0),(1,0),(2,0),(2,1);
/*!40000 ALTER TABLE `member_member_role_list` ENABLE KEYS */;
UNLOCK TABLES;

--
-- Table structure for table `notification`
--

DROP TABLE IF EXISTS `notification`;
/*!40101 SET @saved_cs_client     = @@character_set_client */;
/*!50503 SET character_set_client = utf8mb4 */;
CREATE TABLE `notification` (
  `notification_id` int NOT NULL AUTO_INCREMENT,
  `indate` datetime DEFAULT CURRENT_TIMESTAMP,
  `message` varchar(255) DEFAULT NULL,
  `messagefrom` varchar(255) DEFAULT NULL,
  `read_on_not` tinyint DEFAULT NULL,
  `member_id` int DEFAULT NULL,
  PRIMARY KEY (`notification_id`),
  KEY `FK1xep8o2ge7if6diclyyx53v4q` (`member_id`),
  CONSTRAINT `FK1xep8o2ge7if6diclyyx53v4q` FOREIGN KEY (`member_id`) REFERENCES `member` (`member_id`)
) ENGINE=InnoDB AUTO_INCREMENT=178 DEFAULT CHARSET=utf8mb4 COLLATE=utf8mb4_0900_ai_ci;
/*!40101 SET character_set_client = @saved_cs_client */;

--
-- Dumping data for table `notification`
--

LOCK TABLES `notification` WRITE;
/*!40000 ALTER TABLE `notification` DISABLE KEYS */;
INSERT INTO `notification` VALUES (7,'2025-02-11 12:01:01','캉캉이님이 회원님에게 라이크를 보냈습니다.','캉캉이',1,1),(8,'2025-02-11 12:07:30','캉캉이님이 회원님에게 라이크를 보냈습니다.','캉캉이',1,1),(9,'2025-02-11 12:08:01','캉캉이님이 회원님에게 라이크를 보냈습니다.','캉캉이',1,42),(10,'2025-02-11 12:08:15','캉캉이님이 회원님에게 라이크를 보냈습니다.','캉캉이',1,42),(11,'2025-02-11 12:15:33','캉캉이님이 회원님에게 라이크를 보냈습니다.','캉캉이',1,42),(12,'2025-02-11 12:16:36','캉순이님이 회원님에게 라이크를 보냈습니다.','캉순이',1,1),(13,'2025-02-11 21:19:31','캉순이님이 회원님에게 라이크를 보냈습니다.','캉순이',0,26),(14,'2025-02-11 21:31:14','캉순이님이 회원님의 6번 포스트를 좋아합니다.','캉순이',1,1),(15,'2025-02-11 21:32:14','캉순이님이 회원님의 5번 포스트를 좋아합니다.','캉순이',1,1),(16,'2025-02-11 21:32:20','캉순이님이 회원님의 5번 포스트를 좋아합니다.','캉순이',1,1),(17,'2025-02-11 21:33:20','캉순이님이 회원님의 4번 포스트를 좋아합니다.','캉순이',1,1),(18,'2025-02-11 21:44:47','캉순이님이 회원님의 4번 포스트를 좋아합니다.','캉순이',1,1),(19,'2025-02-11 21:44:58','캉순이님이 회원님의 3번 포스트를 좋아합니다.','캉순이',1,1),(20,'2025-02-11 21:45:14','캉순이님이 회원님의 3번 포스트를 좋아합니다.','캉순이',1,1),(21,'2025-02-11 21:45:28','캉순이님이 회원님의 6번 포스트를 좋아합니다.','캉순이',1,1),(22,'2025-02-11 21:45:44','캉순이님이 회원님의 6번 포스트를 좋아합니다.','캉순이',1,1),(23,'2025-02-11 21:46:12','캉순이님이 회원님의 6번 포스트에 댓글을 작성했습니다.','캉순이',1,1),(24,'2025-02-11 21:46:27','캉순이님이 회원님의 6번 포스트에 댓글을 작성했습니다.','캉순이',1,1),(25,'2025-02-11 21:47:47','캉순이님이 회원님의 6번 포스트를 좋아합니다.','캉순이',1,1),(26,'2025-02-11 22:06:47','캉순이님이 회원님의 6번 포스트를 좋아합니다.','캉순이',1,1),(27,'2025-02-11 22:07:02','캉순이님이 회원님의 5번 포스트를 좋아합니다.','캉순이',1,1),(28,'2025-02-11 22:13:48','캉순이님이 회원님의 5번 포스트를 좋아합니다.','캉순이',1,1),(29,'2025-02-11 22:18:21','캉순이님이 회원님의 5번 포스트를 좋아합니다.','캉순이',1,1),(30,'2025-02-11 22:25:19','캉순이님이 회원님의 5번 포스트를 좋아합니다.','캉순이',1,1),(31,'2025-02-11 22:25:34','캉순이님이 회원님의 5번 포스트를 좋아합니다.','캉순이',1,1),(32,'2025-02-11 22:25:59','캉순이님이 회원님의 6번 포스트를 좋아합니다.','캉순이',1,1),(33,'2025-02-11 22:26:02','캉순이님이 회원님의 6번 포스트를 좋아합니다.','캉순이',1,1),(34,'2025-02-11 22:26:27','캉순이님이 회원님의 6번 포스트를 좋아합니다.','캉순이',1,1),(35,'2025-02-11 22:26:43','캉순이님이 회원님의 4번 포스트를 좋아합니다.','캉순이',1,1),(36,'2025-02-11 22:27:17','캉순이님이 회원님의 4번 포스트에 댓글을 작성했습니다.','캉순이',1,1),(37,'2025-02-11 22:27:40','캉순이님이 회원님의 6번 포스트를 좋아합니다.','캉순이',1,1),(38,'2025-02-11 22:29:26','캉순이님이 회원님의 6번 포스트를 좋아합니다.','캉순이',1,1),(39,'2025-02-11 22:30:05','캉순이님이 회원님의 6번 포스트에 댓글을 작성했습니다.','캉순이',1,1),(40,'2025-02-11 22:30:59','캉순이님이 회원님의 6번 포스트를 좋아합니다.','캉순이',1,1),(41,'2025-02-11 22:32:06','캉순이님이 회원님의 6번 포스트를 좋아합니다.','캉순이',1,1),(42,'2025-02-11 22:32:36','캉순이님이 회원님의 5번 포스트를 좋아합니다.','캉순이',1,1),(43,'2025-02-11 22:32:56','캉순이님이 회원님의 5번 포스트를 좋아합니다.','캉순이',1,1),(44,'2025-02-11 22:33:36','캉순이님이 회원님의 5번 포스트를 좋아합니다.','캉순이',1,1),(45,'2025-02-11 22:34:47','캉순이님이 회원님의 5번 포스트를 좋아합니다.','캉순이',1,1),(46,'2025-02-11 22:35:10','캉순이님이 회원님의 5번 포스트를 좋아합니다.','캉순이',1,1),(47,'2025-02-11 22:35:33','캉순이님이 회원님의 4번 포스트를 좋아합니다.','캉순이',1,1),(48,'2025-02-11 22:35:52','캉순이님이 회원님의 6번 포스트를 좋아합니다.','캉순이',1,1),(49,'2025-02-12 10:11:15','캉캉이님이 회원님에게 라이크를 보냈습니다.','캉캉이',0,34),(50,'2025-02-13 10:48:16','레이님이 회원님에게 라이크를 보냈습니다.','레이',1,1),(51,'2025-02-13 10:49:06','캉캉이님이 회원님에게 라이크를 보냈습니다.','캉캉이',1,38),(52,'2025-02-13 10:51:00','캉캉이님이 회원님에게 라이크를 보냈습니다.','캉캉이',1,38),(53,'2025-02-13 10:51:13','레이님이 회원님에게 라이크를 보냈습니다.','레이',1,1),(54,'2025-02-13 10:51:36','레이님이 회원님에게 라이크를 보냈습니다.','레이',1,1),(55,'2025-02-13 10:52:21','레이님이 회원님에게 라이크를 보냈습니다.','레이',1,1),(56,'2025-02-13 10:53:08','레이님이 회원님에게 라이크를 보냈습니다.','레이',1,1),(57,'2025-02-13 10:54:39','레이님이 회원님에게 라이크를 보냈습니다.','레이',1,1),(58,'2025-02-13 10:55:02','레이님이 회원님에게 라이크를 보냈습니다.','레이',1,1),(59,'2025-02-13 10:55:06','레이님이 회원님에게 라이크를 보냈습니다.','레이',1,1),(60,'2025-02-13 11:02:30','레이님이 회원님에게 라이크를 보냈습니다.','레이',1,1),(61,'2025-02-13 11:02:45','레이님이 회원님에게 라이크를 보냈습니다.','레이',1,1),(62,'2025-02-13 14:50:07','캉캉이님이 회원님의 8번 포스트를 좋아합니다.','캉캉이',1,1),(63,'2025-02-13 16:56:38','캉캉이님이 회원님의 8번 포스트를 좋아합니다.','캉캉이',1,1),(64,'2025-02-13 16:56:44','캉캉이님이 회원님의 8번 포스트를 좋아합니다.','캉캉이',1,1),(65,'2025-02-13 16:57:01','캉캉이님이 회원님의 7번 포스트를 좋아합니다.','캉캉이',1,1),(66,'2025-02-13 17:31:10','캉캉이님이 회원님에게 라이크를 보냈습니다.','캉캉이',0,38),(67,'2025-02-20 16:51:31','캉캉이님이 회원님에게1방에서 쪽지를 보냈습니다.','캉캉이',1,42),(68,'2025-02-20 16:55:00','캉캉이님이 회원님에게2방에서 쪽지를 보냈습니다.','캉캉이',0,41),(69,'2025-02-20 16:55:00','캉캉이님이 회원님에게2방에서 쪽지를 보냈습니다.','캉캉이',1,40),(70,'2025-02-20 16:55:23','캉캉이님이 회원님에게2방에서 쪽지를 보냈습니다.','캉캉이',0,41),(71,'2025-02-20 16:55:23','캉캉이님이 회원님에게2방에서 쪽지를 보냈습니다.','캉캉이',1,40),(72,'2025-02-20 17:06:11','익명의 회원님이 회원님에게익명채팅 방에 초대 했습니다.','캉캉이',1,35),(73,'2025-02-20 17:06:56','캉캉이님이 회원님에게익명채팅 방에서 쪽지를 보냈습니다.','캉캉이',1,35),(74,'2025-02-20 17:11:42','익명의 회원님이 회원님에게익명채팅 방에서 쪽지를 보냈습니다.','캉캉이',1,35),(86,'2025-02-20 17:39:02','캉캉이님이 회원님에게 캉캉이 의 6 인 채팅방 방에 초대 했습니다.','캉캉이',1,1),(87,'2025-02-20 17:39:02','캉캉이님이 회원님에게 캉캉이 의 6 인 채팅방 방에 초대 했습니다.','캉캉이',1,1),(88,'2025-02-20 17:39:02','캉캉이님이 회원님에게 캉캉이 의 6 인 채팅방 방에 초대 했습니다.','캉캉이',1,27),(89,'2025-02-20 17:39:02','캉캉이님이 회원님에게 캉캉이 의 6 인 채팅방 방에 초대 했습니다.','캉캉이',0,28),(90,'2025-02-20 17:39:02','캉캉이님이 회원님에게 캉캉이 의 6 인 채팅방 방에 초대 했습니다.','캉캉이',0,29),(91,'2025-02-20 17:39:02','캉캉이님이 회원님에게 캉캉이 의 6 인 채팅방 방에 초대 했습니다.','캉캉이',1,30),(92,'2025-02-20 17:44:01','캉캉이님이 회원님에게 캉캉이 의 5 인 채팅방 방에 초대 했습니다.','캉캉이',1,1),(93,'2025-02-20 17:44:01','캉캉이님이 회원님에게 캉캉이 의 5 인 채팅방 방에 초대 했습니다.','캉캉이',1,27),(94,'2025-02-20 17:44:01','캉캉이님이 회원님에게 캉캉이 의 5 인 채팅방 방에 초대 했습니다.','캉캉이',0,28),(95,'2025-02-20 17:44:01','캉캉이님이 회원님에게 캉캉이 의 5 인 채팅방 방에 초대 했습니다.','캉캉이',0,29),(96,'2025-02-20 17:44:01','캉캉이님이 회원님에게 캉캉이 의 5 인 채팅방 방에 초대 했습니다.','캉캉이',1,30),(97,'2025-02-20 17:49:19','캉캉이님이 회원님에게 캉캉이 의 5 인 채팅방 방에 초대 했습니다.','캉캉이',1,1),(98,'2025-02-20 17:49:19','캉캉이님이 회원님에게 캉캉이 의 5 인 채팅방 방에 초대 했습니다.','캉캉이',1,27),(99,'2025-02-20 17:49:19','캉캉이님이 회원님에게 캉캉이 의 5 인 채팅방 방에 초대 했습니다.','캉캉이',0,28),(100,'2025-02-20 17:49:19','캉캉이님이 회원님에게 캉캉이 의 5 인 채팅방 방에 초대 했습니다.','캉캉이',0,29),(101,'2025-02-20 17:49:19','캉캉이님이 회원님에게 캉캉이 의 5 인 채팅방 방에 초대 했습니다.','캉캉이',1,30),(102,'2025-02-20 17:53:46','캉캉이님이 회원님에게 캉캉이 의 5 인 채팅방 방에 초대 했습니다.','캉캉이',1,1),(103,'2025-02-20 17:53:46','캉캉이님이 회원님에게 캉캉이 의 5 인 채팅방 방에 초대 했습니다.','캉캉이',1,27),(104,'2025-02-20 17:53:46','캉캉이님이 회원님에게 캉캉이 의 5 인 채팅방 방에 초대 했습니다.','캉캉이',0,28),(105,'2025-02-20 17:53:46','캉캉이님이 회원님에게 캉캉이 의 5 인 채팅방 방에 초대 했습니다.','캉캉이',0,29),(106,'2025-02-20 17:53:46','캉캉이님이 회원님에게 캉캉이 의 5 인 채팅방 방에 초대 했습니다.','캉캉이',1,30),(107,'2025-02-20 17:57:31','캉캉이님이 회원님에게 캉캉이 의 4 인 채팅방 방에 초대 했습니다.','캉캉이',1,27),(108,'2025-02-20 17:57:31','캉캉이님이 회원님에게 캉캉이 의 4 인 채팅방 방에 초대 했습니다.','캉캉이',0,29),(109,'2025-02-20 17:57:31','캉캉이님이 회원님에게 캉캉이 의 4 인 채팅방 방에 초대 했습니다.','캉캉이',0,28),(110,'2025-02-20 17:57:31','캉캉이님이 회원님에게 캉캉이 의 4 인 채팅방 방에 초대 했습니다.','캉캉이',1,30),(111,'2025-02-20 17:59:01','캉캉이님이 회원님에게 캉캉이 의 5 인 채팅방 방에 초대 했습니다.','캉캉이',1,27),(112,'2025-02-20 17:59:01','캉캉이님이 회원님에게 캉캉이 의 5 인 채팅방 방에 초대 했습니다.','캉캉이',1,30),(113,'2025-02-20 17:59:01','캉캉이님이 회원님에게 캉캉이 의 5 인 채팅방 방에 초대 했습니다.','캉캉이',0,29),(114,'2025-02-20 17:59:01','캉캉이님이 회원님에게 캉캉이 의 5 인 채팅방 방에 초대 했습니다.','캉캉이',0,28),(116,'2025-02-23 20:54:15','13번 게시물에서 캉캉이님이 회원님을 언급했습니다.','캉캉이',1,42),(118,'2025-02-23 21:01:20','15번 게시물에서 캉캉이님이 회원님을 언급했습니다.','캉캉이',1,42),(119,'2025-02-25 14:28:58','익명의 회원님이 회원님에게 익명채팅 방에 초대 했습니다.','캉캉이1',0,39),(120,'2025-02-25 14:32:37','익명의 회원님이 회원님에게 익명채팅 방에 초대 했습니다.','캉캉이1',1,42),(121,'2025-02-25 14:37:18','익명의 회원님이 회원님에게 익명채팅 방에서 쪽지를 보냈습니다.','캉캉이1',1,42),(122,'2025-02-25 14:37:19','익명의 회원님이 회원님에게 익명채팅 방에서 쪽지를 보냈습니다.','캉캉이1',1,42),(123,'2025-02-25 14:37:22','익명의 회원님이 회원님에게 익명채팅 방에서 쪽지를 보냈습니다.','캉캉이1',1,42),(124,'2025-02-25 14:37:27','익명의 회원님이 회원님에게 익명채팅 방에서 쪽지를 보냈습니다.','캉캉이1',1,42),(125,'2025-02-25 14:37:27','익명의 회원님이 회원님에게 익명채팅 방에서 쪽지를 보냈습니다.','캉캉이1',1,42),(126,'2025-02-25 14:37:29','익명의 회원님이 회원님에게 익명채팅 방에서 쪽지를 보냈습니다.','캉캉이1',1,42),(127,'2025-02-25 14:37:39','익명의 회원님이 회원님에게 익명채팅 방에서 쪽지를 보냈습니다.','캉캉이1',1,42),(128,'2025-02-25 14:37:40','익명의 회원님이 회원님에게 익명채팅 방에서 쪽지를 보냈습니다.','캉캉이1',1,42),(129,'2025-02-25 14:37:40','익명의 회원님이 회원님에게 익명채팅 방에서 쪽지를 보냈습니다.','캉캉이1',1,42),(130,'2025-02-25 14:38:17','익명의 회원님이 회원님에게 익명채팅 방에서 쪽지를 보냈습니다.','캉캉이1',1,42),(131,'2025-02-25 14:38:23','익명의 회원님이 회원님에게 익명채팅 방에서 쪽지를 보냈습니다.','캉캉이1',1,42),(132,'2025-02-25 14:38:26','익명의 회원님이 회원님에게 익명채팅 방에서 쪽지를 보냈습니다.','캉캉이1',1,42),(133,'2025-02-25 14:43:17','익명의 회원님이 회원님에게 익명채팅 방에서 쪽지를 보냈습니다.','캉캉이1',1,42),(134,'2025-02-25 14:46:04','익명의 회원님이 회원님에게 익명채팅 방에서 쪽지를 보냈습니다.','캉캉이1',0,39),(135,'2025-02-25 14:47:36','익명의 회원님이 회원님에게 익명채팅 방에서 쪽지를 보냈습니다.','캉캉이1',0,39),(136,'2025-02-25 14:48:56','익명의 회원님이 회원님에게 익명채팅 방에 초대 했습니다.','캉캉이1',0,73),(137,'2025-02-25 14:51:16','익명의 회원님이 회원님에게 익명채팅 방에 초대 했습니다.','캉캉이1',0,40),(138,'2025-02-25 14:52:05','익명의 회원님이 회원님에게 익명채팅 방에서 쪽지를 보냈습니다.','캉캉이1',0,40),(139,'2025-02-25 14:53:30','익명의 회원님이 회원님에게 익명채팅 방에서 쪽지를 보냈습니다.','캉캉이1',0,73),(140,'2025-02-25 14:53:32','익명의 회원님이 회원님에게 익명채팅 방에서 쪽지를 보냈습니다.','캉캉이1',0,73),(141,'2025-02-25 14:54:25','익명의 회원님이 회원님에게 익명채팅 방에서 쪽지를 보냈습니다.','캉캉이1',0,39),(142,'2025-02-25 14:54:47','익명의 회원님이 회원님에게 익명채팅 방에 초대 했습니다.','캉캉이1',0,31),(143,'2025-02-25 14:59:54','익명의 회원님이 회원님에게 익명채팅 방에 초대 했습니다.','캉캉이1',0,84),(144,'2025-02-25 15:00:16','익명의 회원님이 회원님에게 익명채팅 방에서 쪽지를 보냈습니다.','캉캉이1',0,84),(145,'2025-02-25 15:00:44','익명의 회원님이 회원님에게 익명채팅 방에서 쪽지를 보냈습니다.','캉캉이1',0,84),(146,'2025-02-25 15:01:29','익명의 회원님이 회원님에게 익명채팅 방에 초대 했습니다.','캉캉이1',0,79),(147,'2025-02-25 15:01:37','익명의 회원님이 회원님에게 익명채팅 방에서 쪽지를 보냈습니다.','캉캉이1',0,79),(148,'2025-02-25 15:17:34','익명의 회원님이 회원님에게 익명채팅 방에 초대 했습니다.','캉캉이1',1,42),(149,'2025-02-25 17:05:37','캉순이님이 회원님에게 첫번째 채팅 방에서 쪽지를 보냈습니다.','캉순이',1,1),(150,'2025-02-27 16:36:57','익명의 회원님이 회원님에게 익명채팅 방에 초대 했습니다.','캉캉이',0,39),(151,'2025-02-27 16:37:10','익명의 회원님이 회원님에게 익명채팅 방에서 쪽지를 보냈습니다.','캉캉이',0,39),(152,'2025-02-27 18:01:16','익명의 회원님이 회원님에게 익명채팅 방에 초대 했습니다.','캉캉이',0,78),(153,'2025-02-27 18:01:35','익명의 회원님이 회원님에게 익명채팅 방에 초대 했습니다.','캉캉이',0,82),(154,'2025-02-27 18:03:20','익명의 회원님이 회원님에게 익명채팅 방에 초대 했습니다.','캉캉이',0,40),(155,'2025-02-28 11:09:21','익명의 회원님이 회원님에게 익명채팅 방에 초대 했습니다.','캉캉이',0,39),(156,'2025-02-28 11:09:58','익명의 회원님이 회원님에게 익명채팅 방에서 쪽지를 보냈습니다.','캉캉이',0,39),(157,'2025-02-28 11:11:16','익명의 회원님이 회원님에게 익명채팅 방에서 쪽지를 보냈습니다.','캉캉이',0,39),(158,'2025-02-28 11:11:26','익명의 회원님이 회원님에게 익명채팅 방에서 쪽지를 보냈습니다.','캉캉이',0,39),(159,'2025-02-28 11:12:27','익명의 회원님이 회원님에게 익명채팅 방에 초대 했습니다.','캉캉이',0,84),(160,'2025-02-28 11:14:53','익명의 회원님이 회원님에게 익명채팅 방에서 쪽지를 보냈습니다.','캉캉이',0,84),(161,'2025-02-28 11:16:26','익명의 회원님이 회원님에게 익명채팅 방에서 쪽지를 보냈습니다.','설린',1,1),(162,'2025-02-28 12:26:53','캉순이님이 회원님에게 첫번째 채팅 방에서 쪽지를 보냈습니다.','캉순이',1,1),(163,'2025-02-28 12:29:49','캉순이님이 회원님에게 첫번째 채팅 방에서 쪽지를 보냈습니다.','캉순이',1,1),(164,'2025-02-28 15:12:17','캉캉이님이 회원님의 6번 포스트에 댓글을 작성했습니다.','캉캉이',1,1),(165,'2025-02-28 15:24:51','캉캉이님이 회원님에게 첫번째 채팅 방에서 쪽지를 보냈습니다.','캉캉이',1,42),(166,'2025-02-28 15:25:33','캉캉이님이 회원님에게 첫번째 채팅 방에서 쪽지를 보냈습니다.','캉캉이',1,42),(167,'2025-02-28 15:31:27','익명의 회원님이 회원님에게 익명채팅 방에 초대 했습니다.','캉캉이',1,30),(168,'2025-02-28 15:32:30','익명의 회원님이 회원님에게 익명채팅 방에서 쪽지를 보냈습니다.','캉캉이',1,30),(169,'2025-02-28 15:32:41','익명의 회원님이 회원님에게 익명채팅 방에서 쪽지를 보냈습니다.','닝닝',1,1),(170,'2025-02-28 15:34:46','닝닝님이 회원님에게 캉캉이 의 5 인 채팅방 방에서 쪽지를 보냈습니다.','닝닝',1,1),(171,'2025-02-28 15:34:46','닝닝님이 회원님에게 캉캉이 의 5 인 채팅방 방에서 쪽지를 보냈습니다.','닝닝',0,27),(172,'2025-02-28 15:34:46','닝닝님이 회원님에게 캉캉이 의 5 인 채팅방 방에서 쪽지를 보냈습니다.','닝닝',0,28),(173,'2025-02-28 15:34:46','닝닝님이 회원님에게 캉캉이 의 5 인 채팅방 방에서 쪽지를 보냈습니다.','닝닝',0,29),(174,'2025-02-28 15:34:53','캉캉이님이 회원님에게 캉캉이 의 5 인 채팅방 방에서 쪽지를 보냈습니다.','캉캉이',0,27),(175,'2025-02-28 15:34:53','캉캉이님이 회원님에게 캉캉이 의 5 인 채팅방 방에서 쪽지를 보냈습니다.','캉캉이',0,28),(176,'2025-02-28 15:34:53','캉캉이님이 회원님에게 캉캉이 의 5 인 채팅방 방에서 쪽지를 보냈습니다.','캉캉이',0,29),(177,'2025-02-28 15:34:53','캉캉이님이 회원님에게 캉캉이 의 5 인 채팅방 방에서 쪽지를 보냈습니다.','캉캉이',1,30);
/*!40000 ALTER TABLE `notification` ENABLE KEYS */;
UNLOCK TABLES;

--
-- Table structure for table `opponent_member_info`
--

DROP TABLE IF EXISTS `opponent_member_info`;
/*!40101 SET @saved_cs_client     = @@character_set_client */;
/*!50503 SET character_set_client = utf8mb4 */;
CREATE TABLE `opponent_member_info` (
  `opponent_member_info_id` int NOT NULL AUTO_INCREMENT,
  `ei` tinyint DEFAULT NULL,
  `ns` tinyint DEFAULT NULL,
  `tf` tinyint DEFAULT NULL,
  `jp` tinyint DEFAULT NULL,
  `smoke` tinyint DEFAULT NULL,
  PRIMARY KEY (`opponent_member_info_id`)
) ENGINE=InnoDB AUTO_INCREMENT=90 DEFAULT CHARSET=utf8mb4 COLLATE=utf8mb4_0900_ai_ci;
/*!40101 SET character_set_client = @saved_cs_client */;

--
-- Dumping data for table `opponent_member_info`
--

LOCK TABLES `opponent_member_info` WRITE;
/*!40000 ALTER TABLE `opponent_member_info` DISABLE KEYS */;
INSERT INTO `opponent_member_info` VALUES (1,1,1,0,1,0),(2,0,0,0,1,0),(3,0,0,1,1,0),(4,1,0,1,1,0),(5,0,0,0,1,0),(6,0,1,1,0,0),(7,1,0,1,1,0),(8,0,1,0,1,0),(9,0,0,0,1,0),(10,0,1,0,0,0),(11,1,0,1,1,0),(12,0,0,1,1,0),(13,1,1,0,1,0),(14,0,0,0,0,0),(15,0,1,0,0,0),(16,1,1,1,0,0),(17,0,0,1,1,0),(18,0,1,1,1,0),(19,1,0,0,0,0),(20,1,1,1,0,0),(21,0,0,1,0,0),(22,0,1,0,1,0),(23,1,1,1,1,0),(24,1,0,0,0,0),(25,1,1,0,0,0),(26,0,0,0,0,0),(27,1,0,1,1,0),(28,0,0,1,1,0),(29,0,0,1,0,0),(30,1,1,0,0,0),(31,1,0,1,0,0),(32,1,0,0,0,0),(33,0,0,1,0,0),(34,1,0,1,1,0),(35,0,0,1,1,0),(36,0,0,1,1,0),(37,0,1,0,1,0),(38,1,0,1,0,0),(39,0,0,0,0,0),(40,1,0,1,0,0),(41,0,1,0,0,0),(42,1,0,1,1,0),(43,0,0,1,1,0),(44,0,1,0,1,0),(45,0,1,1,1,0),(46,1,1,1,0,0),(47,1,0,1,0,0),(48,1,1,1,0,0),(49,0,0,1,0,0),(50,0,1,0,1,0),(51,1,1,1,0,0),(52,0,1,1,1,0),(53,1,1,1,1,0),(54,0,0,1,0,0),(55,1,1,1,0,0),(56,0,0,1,0,0),(57,0,1,1,0,0),(58,1,1,0,1,0),(59,0,0,1,0,0),(60,1,0,1,0,0),(61,1,0,0,1,0),(62,0,0,1,0,0),(63,0,1,1,0,0),(64,1,0,0,0,0),(65,1,1,0,1,0),(66,1,0,1,0,0),(67,0,0,1,1,0),(68,1,1,0,1,0),(69,1,0,0,0,0),(70,1,1,0,0,0),(71,1,0,1,1,0),(72,0,1,1,0,0),(73,0,1,1,0,0),(74,0,0,0,1,0),(75,1,0,1,1,0),(76,1,0,0,1,0),(77,1,0,0,1,0),(78,0,0,0,1,0),(79,0,1,1,1,0),(80,0,1,0,0,0),(81,1,1,1,0,0),(82,1,0,0,1,0),(83,0,1,1,1,0),(84,1,1,0,0,0),(85,1,1,0,0,0),(86,1,0,0,0,0),(88,1,0,1,0,0),(89,1,0,0,1,0);
/*!40000 ALTER TABLE `opponent_member_info` ENABLE KEYS */;
UNLOCK TABLES;

--
-- Table structure for table `ordering`
--

DROP TABLE IF EXISTS `ordering`;
/*!40101 SET @saved_cs_client     = @@character_set_client */;
/*!50503 SET character_set_client = utf8mb4 */;
CREATE TABLE `ordering` (
  `ordering_id` int NOT NULL AUTO_INCREMENT,
  `member_id` int DEFAULT NULL,
  `product_id` int DEFAULT NULL,
  `indate` datetime(6) DEFAULT NULL,
  PRIMARY KEY (`ordering_id`),
  KEY `FKcs2g6adow4d7nieyaqxib7gk5` (`member_id`),
  KEY `FKnn2m1vmbhtpy79epkmtd1g9ld` (`product_id`),
  CONSTRAINT `FKcs2g6adow4d7nieyaqxib7gk5` FOREIGN KEY (`member_id`) REFERENCES `member` (`member_id`),
  CONSTRAINT `FKnn2m1vmbhtpy79epkmtd1g9ld` FOREIGN KEY (`product_id`) REFERENCES `product` (`product_id`)
) ENGINE=InnoDB AUTO_INCREMENT=14 DEFAULT CHARSET=utf8mb4 COLLATE=utf8mb4_0900_ai_ci;
/*!40101 SET character_set_client = @saved_cs_client */;

--
-- Dumping data for table `ordering`
--

LOCK TABLES `ordering` WRITE;
/*!40000 ALTER TABLE `ordering` DISABLE KEYS */;
INSERT INTO `ordering` VALUES (1,1,1,'2025-02-10 14:20:14.000000'),(2,1,1,'2025-02-10 14:20:14.000000'),(3,1,2,'2025-02-27 16:07:43.427930'),(4,1,1,'2025-02-27 16:20:28.401504'),(5,1,1,'2025-02-27 16:22:06.223683'),(6,1,1,'2025-02-27 16:24:25.592310'),(7,1,2,'2025-02-27 16:26:33.674250'),(8,1,1,'2025-02-27 16:28:03.090873'),(9,1,2,'2025-02-27 16:33:30.768502'),(10,1,2,'2025-02-27 16:34:21.667540'),(11,2,1,'2025-02-28 12:52:16.914174'),(12,2,2,'2025-02-28 13:11:32.345042'),(13,2,2,'2025-02-28 13:17:39.010279');
/*!40000 ALTER TABLE `ordering` ENABLE KEYS */;
UNLOCK TABLES;

--
-- Table structure for table `post`
--

DROP TABLE IF EXISTS `post`;
/*!40101 SET @saved_cs_client     = @@character_set_client */;
/*!50503 SET character_set_client = utf8mb4 */;
CREATE TABLE `post` (
  `post_id` int NOT NULL AUTO_INCREMENT,
  `content` varchar(255) DEFAULT NULL,
  `writedate` datetime DEFAULT CURRENT_TIMESTAMP,
  `member_id` int DEFAULT NULL,
  PRIMARY KEY (`post_id`),
  KEY `FK83s99f4kx8oiqm3ro0sasmpww` (`member_id`),
  CONSTRAINT `FK83s99f4kx8oiqm3ro0sasmpww` FOREIGN KEY (`member_id`) REFERENCES `member` (`member_id`)
) ENGINE=InnoDB AUTO_INCREMENT=23 DEFAULT CHARSET=utf8mb4 COLLATE=utf8mb4_0900_ai_ci;
/*!40101 SET character_set_client = @saved_cs_client */;

--
-- Dumping data for table `post`
--

LOCK TABLES `post` WRITE;
/*!40000 ALTER TABLE `post` DISABLE KEYS */;
INSERT INTO `post` VALUES (3,'첫번째 게시물','2025-02-10 14:20:14',1),(4,'두번째 게시물','2025-02-10 14:22:26',1),(5,'세번째 게시물','2025-02-10 14:22:26',1),(6,'네번째 게시물','2025-02-10 14:22:26',1),(7,'다섯번째 게시물','2025-02-13 13:10:47',1),(8,'여섯번째 게시물','2025-02-13 14:42:24',1),(9,'일곱번째 게시물','2025-02-17 08:38:00',1),(10,'여덟번째 게시물','2025-02-20 08:49:28',1),(11,'아홉번째 게시물','2025-02-23 16:39:58',1),(12,'@캉순이\n#말차라떼\n맛있다','2025-02-23 20:46:27',1),(13,'@캉순이\n#말차라떼\n맛있다222','2025-02-23 20:54:15',1),(15,'@캉순이\n#망고주스\n망고주스 맛있다.','2025-02-23 21:01:20',1),(16,'이런 여자 연락주세요','2025-02-25 11:45:55',1),(17,'민지 최고','2025-02-27 12:38:09',1),(18,'말차무스케이크 먹으러 가실분??','2025-02-27 12:49:45',1),(19,'말차 무스 케이크 드시러 가실분??\n#말차무스케이크','2025-02-27 12:50:46',1),(20,'#말차티라미수 먹으러 갑시다','2025-02-27 12:51:13',1),(21,'민지 이쁘당','2025-02-28 17:46:36',1),(22,'김종욱♥아이사','2025-02-28 17:49:45',1);
/*!40000 ALTER TABLE `post` ENABLE KEYS */;
UNLOCK TABLES;

--
-- Table structure for table `post_hashtag`
--

DROP TABLE IF EXISTS `post_hashtag`;
/*!40101 SET @saved_cs_client     = @@character_set_client */;
/*!50503 SET character_set_client = utf8mb4 */;
CREATE TABLE `post_hashtag` (
  `post_hash_id` int NOT NULL AUTO_INCREMENT,
  `hashtag_id` int DEFAULT NULL,
  `post_id` int DEFAULT NULL,
  PRIMARY KEY (`post_hash_id`),
  KEY `FKrohvofkvcdt18d3pfk1ch9gm5` (`hashtag_id`),
  KEY `FKrk684kfi072l3a8e810ule20s` (`post_id`),
  CONSTRAINT `FKrk684kfi072l3a8e810ule20s` FOREIGN KEY (`post_id`) REFERENCES `post` (`post_id`),
  CONSTRAINT `FKrohvofkvcdt18d3pfk1ch9gm5` FOREIGN KEY (`hashtag_id`) REFERENCES `hashtag` (`hashtag_id`)
) ENGINE=InnoDB AUTO_INCREMENT=7 DEFAULT CHARSET=utf8mb4 COLLATE=utf8mb4_0900_ai_ci;
/*!40101 SET character_set_client = @saved_cs_client */;

--
-- Dumping data for table `post_hashtag`
--

LOCK TABLES `post_hashtag` WRITE;
/*!40000 ALTER TABLE `post_hashtag` DISABLE KEYS */;
INSERT INTO `post_hashtag` VALUES (1,1,12),(2,1,13),(4,2,15),(5,3,19),(6,4,20);
/*!40000 ALTER TABLE `post_hashtag` ENABLE KEYS */;
UNLOCK TABLES;

--
-- Table structure for table `post_likes`
--

DROP TABLE IF EXISTS `post_likes`;
/*!40101 SET @saved_cs_client     = @@character_set_client */;
/*!50503 SET character_set_client = utf8mb4 */;
CREATE TABLE `post_likes` (
  `likes_id` int NOT NULL AUTO_INCREMENT,
  `member_id` int DEFAULT NULL,
  `post_id` int DEFAULT NULL,
  PRIMARY KEY (`likes_id`),
  KEY `FK31v89uqgytp1u8jm6vcn1rpsv` (`member_id`),
  KEY `FKmxmoc9p5ndijnsqtvsjcuoxm3` (`post_id`),
  CONSTRAINT `FK31v89uqgytp1u8jm6vcn1rpsv` FOREIGN KEY (`member_id`) REFERENCES `member` (`member_id`),
  CONSTRAINT `FKmxmoc9p5ndijnsqtvsjcuoxm3` FOREIGN KEY (`post_id`) REFERENCES `post` (`post_id`)
) ENGINE=InnoDB AUTO_INCREMENT=38 DEFAULT CHARSET=utf8mb4 COLLATE=utf8mb4_0900_ai_ci;
/*!40101 SET character_set_client = @saved_cs_client */;

--
-- Dumping data for table `post_likes`
--

LOCK TABLES `post_likes` WRITE;
/*!40000 ALTER TABLE `post_likes` DISABLE KEYS */;
INSERT INTO `post_likes` VALUES (2,1,6),(33,42,6);
/*!40000 ALTER TABLE `post_likes` ENABLE KEYS */;
UNLOCK TABLES;

--
-- Table structure for table `post_mention`
--

DROP TABLE IF EXISTS `post_mention`;
/*!40101 SET @saved_cs_client     = @@character_set_client */;
/*!50503 SET character_set_client = utf8mb4 */;
CREATE TABLE `post_mention` (
  `post_mention_id` int NOT NULL AUTO_INCREMENT,
  `nickname` varchar(255) DEFAULT NULL,
  `post_id` int DEFAULT NULL,
  PRIMARY KEY (`post_mention_id`),
  KEY `FKsd5wi047dtaidv18n6tr1603` (`post_id`),
  CONSTRAINT `FKsd5wi047dtaidv18n6tr1603` FOREIGN KEY (`post_id`) REFERENCES `post` (`post_id`)
) ENGINE=InnoDB AUTO_INCREMENT=5 DEFAULT CHARSET=utf8mb4 COLLATE=utf8mb4_0900_ai_ci;
/*!40101 SET character_set_client = @saved_cs_client */;

--
-- Dumping data for table `post_mention`
--

LOCK TABLES `post_mention` WRITE;
/*!40000 ALTER TABLE `post_mention` DISABLE KEYS */;
INSERT INTO `post_mention` VALUES (1,'캉순이',12),(2,'캉순이',13),(4,'캉순이',15);
/*!40000 ALTER TABLE `post_mention` ENABLE KEYS */;
UNLOCK TABLES;

--
-- Table structure for table `product`
--

DROP TABLE IF EXISTS `product`;
/*!40101 SET @saved_cs_client     = @@character_set_client */;
/*!50503 SET character_set_client = utf8mb4 */;
CREATE TABLE `product` (
  `product_id` int NOT NULL AUTO_INCREMENT,
  `product_name` varchar(255) DEFAULT NULL,
  `product_price` int NOT NULL,
  PRIMARY KEY (`product_id`)
) ENGINE=InnoDB AUTO_INCREMENT=3 DEFAULT CHARSET=utf8mb4 COLLATE=utf8mb4_0900_ai_ci;
/*!40101 SET character_set_client = @saved_cs_client */;

--
-- Dumping data for table `product`
--

LOCK TABLES `product` WRITE;
/*!40000 ALTER TABLE `product` DISABLE KEYS */;
INSERT INTO `product` VALUES (1,'충전',1),(2,'Gold',1);
/*!40000 ALTER TABLE `product` ENABLE KEYS */;
UNLOCK TABLES;

--
-- Table structure for table `quiz`
--

DROP TABLE IF EXISTS `quiz`;
/*!40101 SET @saved_cs_client     = @@character_set_client */;
/*!50503 SET character_set_client = utf8mb4 */;
CREATE TABLE `quiz` (
  `quiz_id` int NOT NULL AUTO_INCREMENT,
  `content` varchar(255) DEFAULT NULL,
  PRIMARY KEY (`quiz_id`)
) ENGINE=InnoDB AUTO_INCREMENT=23 DEFAULT CHARSET=utf8mb4 COLLATE=utf8mb4_0900_ai_ci;
/*!40101 SET character_set_client = @saved_cs_client */;

--
-- Dumping data for table `quiz`
--

LOCK TABLES `quiz` WRITE;
/*!40000 ALTER TABLE `quiz` DISABLE KEYS */;
INSERT INTO `quiz` VALUES (1,'1 짜장면 2 짬뽕'),(2,'1 산 2 바다'),(3,'1 초콜릿 2 사탕'),(4,'1 전화 2 문자'),(5,'1 기차 2 버스'),(6,'1 돼지 2 소'),(8,'1 된장찌개 2 김치찌개'),(15,'1 강아지 2 고양이'),(16,'1 놀이공원 2 워터파크'),(17,'1 액션영화 2 로맨스영화'),(18,'1 바다 2 계곡'),(19,'1 치킨 2 피자'),(20,'1 핫도그 2 토스트'),(21,'1 말차라떼 2 밀크티'),(22,'1 호캉스 2 바캉스');
/*!40000 ALTER TABLE `quiz` ENABLE KEYS */;
UNLOCK TABLES;

--
-- Table structure for table `real_time_chat_room`
--

DROP TABLE IF EXISTS `real_time_chat_room`;
/*!40101 SET @saved_cs_client     = @@character_set_client */;
/*!50503 SET character_set_client = utf8mb4 */;
CREATE TABLE `real_time_chat_room` (
  `id` bigint NOT NULL AUTO_INCREMENT,
  `is_private` bit(1) NOT NULL,
  `name` varchar(255) DEFAULT NULL,
  `password` varchar(255) DEFAULT NULL,
  `creator_id` int NOT NULL,
  PRIMARY KEY (`id`),
  KEY `FKompyeuimwd4y631ys77yf7tco` (`creator_id`),
  CONSTRAINT `FKompyeuimwd4y631ys77yf7tco` FOREIGN KEY (`creator_id`) REFERENCES `member` (`member_id`)
) ENGINE=InnoDB AUTO_INCREMENT=3 DEFAULT CHARSET=utf8mb4 COLLATE=utf8mb4_0900_ai_ci;
/*!40101 SET character_set_client = @saved_cs_client */;

--
-- Dumping data for table `real_time_chat_room`
--

LOCK TABLES `real_time_chat_room` WRITE;
/*!40000 ALTER TABLE `real_time_chat_room` DISABLE KEYS */;
/*!40000 ALTER TABLE `real_time_chat_room` ENABLE KEYS */;
UNLOCK TABLES;

--
-- Table structure for table `reply`
--

DROP TABLE IF EXISTS `reply`;
/*!40101 SET @saved_cs_client     = @@character_set_client */;
/*!50503 SET character_set_client = utf8mb4 */;
CREATE TABLE `reply` (
  `reply_id` int NOT NULL AUTO_INCREMENT,
  `content` varchar(255) DEFAULT NULL,
  `writedate` datetime DEFAULT CURRENT_TIMESTAMP,
  `member_id` int DEFAULT NULL,
  `post_id` int DEFAULT NULL,
  PRIMARY KEY (`reply_id`),
  KEY `FKen6vrmi5oth4bg6ybfc202fmu` (`member_id`),
  KEY `FKnpyg5e6pqr2v1y4y6pacte11q` (`post_id`),
  CONSTRAINT `FKen6vrmi5oth4bg6ybfc202fmu` FOREIGN KEY (`member_id`) REFERENCES `member` (`member_id`),
  CONSTRAINT `FKnpyg5e6pqr2v1y4y6pacte11q` FOREIGN KEY (`post_id`) REFERENCES `post` (`post_id`)
) ENGINE=InnoDB AUTO_INCREMENT=9 DEFAULT CHARSET=utf8mb4 COLLATE=utf8mb4_0900_ai_ci;
/*!40101 SET character_set_client = @saved_cs_client */;

--
-- Dumping data for table `reply`
--

LOCK TABLES `reply` WRITE;
/*!40000 ALTER TABLE `reply` DISABLE KEYS */;
INSERT INTO `reply` VALUES (1,'첫번째 댓글',NULL,1,6),(2,'두번쨰 댓글',NULL,1,6),(8,'세번째 댓글','2025-02-28 15:12:17',1,6);
/*!40000 ALTER TABLE `reply` ENABLE KEYS */;
UNLOCK TABLES;

--
-- Table structure for table `user_online`
--

DROP TABLE IF EXISTS `user_online`;
/*!40101 SET @saved_cs_client     = @@character_set_client */;
/*!50503 SET character_set_client = utf8mb4 */;
CREATE TABLE `user_online` (
  `member_id` int NOT NULL,
  PRIMARY KEY (`member_id`)
) ENGINE=InnoDB DEFAULT CHARSET=utf8mb4 COLLATE=utf8mb4_0900_ai_ci;
/*!40101 SET character_set_client = @saved_cs_client */;

--
-- Dumping data for table `user_online`
--

LOCK TABLES `user_online` WRITE;
/*!40000 ALTER TABLE `user_online` DISABLE KEYS */;
INSERT INTO `user_online` VALUES (1);
/*!40000 ALTER TABLE `user_online` ENABLE KEYS */;
UNLOCK TABLES;
/*!40103 SET TIME_ZONE=@OLD_TIME_ZONE */;

/*!40101 SET SQL_MODE=@OLD_SQL_MODE */;
/*!40014 SET FOREIGN_KEY_CHECKS=@OLD_FOREIGN_KEY_CHECKS */;
/*!40014 SET UNIQUE_CHECKS=@OLD_UNIQUE_CHECKS */;
/*!40101 SET CHARACTER_SET_CLIENT=@OLD_CHARACTER_SET_CLIENT */;
/*!40101 SET CHARACTER_SET_RESULTS=@OLD_CHARACTER_SET_RESULTS */;
/*!40101 SET COLLATION_CONNECTION=@OLD_COLLATION_CONNECTION */;
/*!40111 SET SQL_NOTES=@OLD_SQL_NOTES */;

-- Dump completed on 2025-03-02 20:05:04
